issue_date,issued_at,forecast_id,outside_test_period,time,lead_day,weather_run_days,p50,p10,p90,t1,t2,curve,wind_100m,actual
2026-01-31,2026-01-31T23:59:00+05:00,2026-01-31_d18219a7,False,2026-02-01T00:00,1,1,0.023,0.0093,0.2132,0.0148,0.0211,0.01,0.21,
2026-01-31,2026-01-31T23:59:00+05:00,2026-01-31_d18219a7,False,2026-02-01T01:00,1,1,0.0098,0.0088,0.0749,0.0091,0.009,0.01,0.42,
2026-01-31,2026-01-31T23:59:00+05:00,2026-01-31_d18219a7,False,2026-02-01T02:00,1,1,0.0109,0.0089,0.0528,0.009,0.0239,0.01,0.4,
2026-01-31,2026-01-31T23:59:00+05:00,2026-01-31_d18219a7,False,2026-02-01T03:00,1,1,0.0124,0.0091,0.1089,0.0108,0.0251,0.01,0.96,
2026-01-31,2026-01-31T23:59:00+05:00,2026-01-31_d18219a7,False,2026-02-01T04:00,1,1,0.0157,0.0141,0.1473,0.016,0.0302,0.01,0.8,
2026-01-31,2026-01-31T23:59:00+05:00,2026-01-31_d18219a7,False,2026-02-01T05:00,1,1,0.0295,0.0094,0.1628,0.0232,0.0352,0.01,1.49,
2026-01-31,2026-01-31T23:59:00+05:00,2026-01-31_d18219a7,False,2026-02-01T06:00,1,1,0.0271,0.0153,0.1966,0.0182,0.0243,0.0116,2.12,
2026-01-31,2026-01-31T23:59:00+05:00,2026-01-31_d18219a7,False,2026-02-01T07:00,1,1,0.0389,0.0084,0.2567,0.0636,0.0568,0.0418,3.33,
2026-01-31,2026-01-31T23:59:00+05:00,2026-01-31_d18219a7,False,2026-02-01T08:00,1,1,0.1421,0.0051,0.4923,0.1661,0.1308,0.1337,5.05,
2026-01-31,2026-01-31T23:59:00+05:00,2026-01-31_d18219a7,False,2026-02-01T09:00,1,1,0.1848,0.0,0.623,0.1245,0.1667,0.119,4.83,
2026-01-31,2026-01-31T23:59:00+05:00,2026-01-31_d18219a7,False,2026-02-01T10:00,1,1,0.1594,0.0,0.6653,0.1862,0.2302,0.101,4.53,
2026-01-31,2026-01-31T23:59:00+05:00,2026-01-31_d18219a7,False,2026-02-01T11:00,1,1,0.1257,0.0,0.536,0.1541,0.1528,0.0524,3.59,
2026-01-31,2026-01-31T23:59:00+05:00,2026-01-31_d18219a7,False,2026-02-01T12:00,1,1,0.0937,0.008,0.4936,0.1126,0.1423,0.0645,3.86,
2026-01-31,2026-01-31T23:59:00+05:00,2026-01-31_d18219a7,False,2026-02-01T13:00,1,1,0.081,0.005,0.5106,0.1066,0.1131,0.0776,4.12,
2026-01-31,2026-01-31T23:59:00+05:00,2026-01-31_d18219a7,False,2026-02-01T14:00,1,1,0.0964,0.0031,0.445,0.1162,0.098,0.085,4.25,
2026-01-31,2026-01-31T23:59:00+05:00,2026-01-31_d18219a7,False,2026-02-01T15:00,1,1,0.1773,0.0122,0.4492,0.1647,0.1734,0.0884,4.31,
2026-01-31,2026-01-31T23:59:00+05:00,2026-01-31_d18219a7,False,2026-02-01T16:00,1,1,0.2051,0.014,0.4907,0.2096,0.2241,0.1935,5.69,
2026-01-31,2026-01-31T23:59:00+05:00,2026-01-31_d18219a7,False,2026-02-01T17:00,1,2,0.2564,0.0135,0.6126,0.2515,0.2392,0.2159,5.91,
2026-01-31,2026-01-31T23:59:00+05:00,2026-01-31_d18219a7,False,2026-02-01T18:00,1,2,0.242,0.0178,0.6287,0.2537,0.2186,0.2329,6.06,
2026-01-31,2026-01-31T23:59:00+05:00,2026-01-31_d18219a7,False,2026-02-01T19:00,1,2,0.2638,0.0178,0.675,0.2483,0.2166,0.229,6.03,
2026-01-31,2026-01-31T23:59:00+05:00,2026-01-31_d18219a7,False,2026-02-01T20:00,1,2,0.2751,0.0195,0.6943,0.2356,0.2343,0.2895,6.49,
2026-01-31,2026-01-31T23:59:00+05:00,2026-01-31_d18219a7,False,2026-02-01T21:00,1,2,0.2872,0.0192,0.7229,0.2421,0.2403,0.2908,6.5,
2026-01-31,2026-01-31T23:59:00+05:00,2026-01-31_d18219a7,False,2026-02-01T22:00,1,2,0.2366,0.0125,0.6529,0.2056,0.1986,0.302,6.58,
2026-01-31,2026-01-31T23:59:00+05:00,2026-01-31_d18219a7,False,2026-02-01T23:00,1,2,0.1956,0.0107,0.6232,0.1623,0.1596,0.222,5.97,
2026-01-31,2026-01-31T23:59:00+05:00,2026-01-31_d18219a7,False,2026-02-02T00:00,2,2,0.1773,0.0098,0.6468,0.1036,0.1423,0.1955,5.71,
2026-01-31,2026-01-31T23:59:00+05:00,2026-01-31_d18219a7,False,2026-02-02T01:00,2,2,0.2087,0.0,0.6484,0.162,0.1765,0.2303,6.04,
2026-01-31,2026-01-31T23:59:00+05:00,2026-01-31_d18219a7,False,2026-02-02T02:00,2,2,0.2009,0.0218,0.6832,0.1927,0.212,0.2421,6.13,
2026-01-31,2026-01-31T23:59:00+05:00,2026-01-31_d18219a7,False,2026-02-02T03:00,2,2,0.2526,0.0143,0.8249,0.2582,0.2212,0.2474,6.17,
2026-01-31,2026-01-31T23:59:00+05:00,2026-01-31_d18219a7,False,2026-02-02T04:00,2,2,0.3896,0.0874,0.8914,0.4113,0.3319,0.2448,6.15,
2026-01-31,2026-01-31T23:59:00+05:00,2026-01-31_d18219a7,False,2026-02-02T05:00,2,2,0.352,0.1399,0.9245,0.3989,0.3589,0.2803,6.42,
2026-01-31,2026-01-31T23:59:00+05:00,2026-01-31_d18219a7,False,2026-02-02T06:00,2,2,0.3447,0.1327,0.9116,0.348,0.366,0.275,6.38,
2026-01-31,2026-01-31T23:59:00+05:00,2026-01-31_d18219a7,False,2026-02-02T07:00,2,2,0.3639,0.1256,0.9198,0.363,0.3556,0.2992,6.56,
2026-01-31,2026-01-31T23:59:00+05:00,2026-01-31_d18219a7,False,2026-02-02T08:00,2,2,0.4687,0.1294,0.96,0.5106,0.4319,0.295,6.53,
2026-01-31,2026-01-31T23:59:00+05:00,2026-01-31_d18219a7,False,2026-02-02T09:00,2,2,0.6177,0.1828,0.9645,0.6171,0.5197,0.3962,7.22,
2026-01-31,2026-01-31T23:59:00+05:00,2026-01-31_d18219a7,False,2026-02-02T10:00,2,2,0.6871,0.2707,0.9691,0.6677,0.7059,0.2978,6.55,
2026-01-31,2026-01-31T23:59:00+05:00,2026-01-31_d18219a7,False,2026-02-02T11:00,2,2,0.7827,0.3703,0.9781,0.7515,0.781,0.4107,7.31,
2026-01-31,2026-01-31T23:59:00+05:00,2026-01-31_d18219a7,False,2026-02-02T12:00,2,2,0.887,0.501,0.9792,0.8956,0.8879,0.5453,8.2,
2026-01-31,2026-01-31T23:59:00+05:00,2026-01-31_d18219a7,False,2026-02-02T13:00,2,2,0.9013,0.6151,0.9857,0.9306,0.9216,0.6657,9.01,
2026-01-31,2026-01-31T23:59:00+05:00,2026-01-31_d18219a7,False,2026-02-02T14:00,2,2,0.9192,0.6141,0.9837,0.9347,0.9121,0.6407,8.84,
2026-01-31,2026-01-31T23:59:00+05:00,2026-01-31_d18219a7,False,2026-02-02T15:00,2,2,0.7543,0.4792,0.9848,0.8126,0.871,0.4364,7.47,
2026-01-31,2026-01-31T23:59:00+05:00,2026-01-31_d18219a7,False,2026-02-02T16:00,2,2,0.497,0.109,1.0,0.543,0.5325,0.0833,4.22,
2026-01-31,2026-01-31T23:59:00+05:00,2026-01-31_d18219a7,False,2026-02-02T17:00,2,3,0.4798,0.0925,0.9318,0.5888,0.5078,0.046,3.44,
2026-01-31,2026-01-31T23:59:00+05:00,2026-01-31_d18219a7,False,2026-02-02T18:00,2,3,0.472,0.0333,0.7608,0.4888,0.4622,0.01,1.56,
2026-01-31,2026-01-31T23:59:00+05:00,2026-01-31_d18219a7,False,2026-02-02T19:00,2,3,0.2471,0.0136,0.636,0.2977,0.2502,0.01,1.82,
2026-01-31,2026-01-31T23:59:00+05:00,2026-01-31_d18219a7,False,2026-02-02T20:00,2,3,0.1582,0.0028,0.5363,0.1474,0.1263,0.01,1.39,
2026-01-31,2026-01-31T23:59:00+05:00,2026-01-31_d18219a7,False,2026-02-02T21:00,2,3,0.0991,0.002,0.5139,0.1108,0.1183,0.01,1.59,
2026-01-31,2026-01-31T23:59:00+05:00,2026-01-31_d18219a7,False,2026-02-02T22:00,2,3,0.1308,0.0,0.5611,0.1059,0.1563,0.01,1.36,
2026-01-31,2026-01-31T23:59:00+05:00,2026-01-31_d18219a7,False,2026-02-02T23:00,2,3,0.1304,0.0002,0.5337,0.1194,0.1334,0.01,1.3,
2026-02-01,2026-02-01T23:59:00+05:00,2026-02-01_71c69b8c,False,2026-02-02T00:00,1,1,0.1888,0.0052,0.6471,0.1502,0.1619,0.2685,6.33,
2026-02-01,2026-02-01T23:59:00+05:00,2026-02-01_71c69b8c,False,2026-02-02T01:00,1,1,0.2052,0.0054,0.711,0.1719,0.1405,0.3118,6.65,
2026-02-01,2026-02-01T23:59:00+05:00,2026-02-01_71c69b8c,False,2026-02-02T02:00,1,1,0.2609,0.0297,0.8128,0.2814,0.2443,0.3104,6.64,
2026-02-01,2026-02-01T23:59:00+05:00,2026-02-01_71c69b8c,False,2026-02-02T03:00,1,1,0.4068,0.1044,0.8946,0.372,0.3045,0.2777,6.4,
2026-02-01,2026-02-01T23:59:00+05:00,2026-02-01_71c69b8c,False,2026-02-02T04:00,1,1,0.4811,0.166,0.9196,0.4781,0.4398,0.2803,6.42,
2026-02-01,2026-02-01T23:59:00+05:00,2026-02-01_71c69b8c,False,2026-02-02T05:00,1,1,0.4974,0.2019,0.9777,0.5083,0.4721,0.3384,6.84,
2026-02-01,2026-02-01T23:59:00+05:00,2026-02-01_71c69b8c,False,2026-02-02T06:00,1,1,0.5018,0.1921,0.9536,0.4498,0.4669,0.3328,6.8,
2026-02-01,2026-02-01T23:59:00+05:00,2026-02-01_71c69b8c,False,2026-02-02T07:00,1,1,0.4453,0.1461,0.956,0.374,0.4238,0.3006,6.57,
2026-02-01,2026-02-01T23:59:00+05:00,2026-02-01_71c69b8c,False,2026-02-02T08:00,1,1,0.5354,0.1617,0.9705,0.5031,0.5103,0.2856,6.46,
2026-02-01,2026-02-01T23:59:00+05:00,2026-02-01_71c69b8c,False,2026-02-02T09:00,1,1,0.5798,0.2733,0.9713,0.6118,0.6064,0.4855,7.8,
2026-02-01,2026-02-01T23:59:00+05:00,2026-02-01_71c69b8c,False,2026-02-02T10:00,1,1,0.6762,0.3105,0.9849,0.7767,0.7012,0.3286,6.77,
2026-02-01,2026-02-01T23:59:00+05:00,2026-02-01_71c69b8c,False,2026-02-02T11:00,1,1,0.786,0.4042,0.9836,0.7861,0.763,0.401,7.25,
2026-02-01,2026-02-01T23:59:00+05:00,2026-02-01_71c69b8c,False,2026-02-02T12:00,1,1,0.8731,0.5523,0.982,0.8634,0.8969,0.4649,7.66,
2026-02-01,2026-02-01T23:59:00+05:00,2026-02-01_71c69b8c,False,2026-02-02T13:00,1,1,0.8914,0.6395,0.9819,0.9123,0.9148,0.5241,8.06,
2026-02-01,2026-02-01T23:59:00+05:00,2026-02-01_71c69b8c,False,2026-02-02T14:00,1,1,0.9084,0.5863,0.9824,0.9182,0.9133,0.5575,8.28,
2026-02-01,2026-02-01T23:59:00+05:00,2026-02-01_71c69b8c,False,2026-02-02T15:00,1,1,0.7894,0.5217,0.988,0.8171,0.869,0.4914,7.84,
2026-02-01,2026-02-01T23:59:00+05:00,2026-02-01_71c69b8c,False,2026-02-02T16:00,1,1,0.8457,0.459,0.9862,0.802,0.8177,0.459,7.62,
2026-02-01,2026-02-01T23:59:00+05:00,2026-02-01_71c69b8c,False,2026-02-02T17:00,1,2,0.6292,0.1483,0.992,0.6511,0.5969,0.1904,5.66,
2026-02-01,2026-02-01T23:59:00+05:00,2026-02-01_71c69b8c,False,2026-02-02T18:00,1,2,0.5546,0.0495,0.8644,0.5096,0.4624,0.0878,4.3,
2026-02-01,2026-02-01T23:59:00+05:00,2026-02-01_71c69b8c,False,2026-02-02T19:00,1,2,0.2715,0.0167,0.6822,0.2443,0.2108,0.0641,3.85,
2026-02-01,2026-02-01T23:59:00+05:00,2026-02-01_71c69b8c,False,2026-02-02T20:00,1,2,0.1693,0.0072,0.5606,0.1511,0.1623,0.0952,4.43,
2026-02-01,2026-02-01T23:59:00+05:00,2026-02-01_71c69b8c,False,2026-02-02T21:00,1,2,0.1404,0.0101,0.5176,0.1224,0.1923,0.1046,4.59,
2026-02-01,2026-02-01T23:59:00+05:00,2026-02-01_71c69b8c,False,2026-02-02T22:00,1,2,0.1396,0.006,0.4458,0.131,0.2096,0.0457,3.43,
2026-02-01,2026-02-01T23:59:00+05:00,2026-02-01_71c69b8c,False,2026-02-02T23:00,1,2,0.1827,0.007,0.5713,0.1663,0.2128,0.0192,2.6,
2026-02-01,2026-02-01T23:59:00+05:00,2026-02-01_71c69b8c,False,2026-02-03T00:00,2,2,0.2089,0.0046,0.5371,0.2317,0.2294,0.0659,3.89,
2026-02-01,2026-02-01T23:59:00+05:00,2026-02-01_71c69b8c,False,2026-02-03T01:00,2,2,0.3138,0.052,0.7198,0.3445,0.2991,0.1661,5.41,
2026-02-01,2026-02-01T23:59:00+05:00,2026-02-01_71c69b8c,False,2026-02-03T02:00,2,2,0.3987,0.0969,0.7799,0.3919,0.4115,0.1706,5.46,
2026-02-01,2026-02-01T23:59:00+05:00,2026-02-01_71c69b8c,False,2026-02-03T03:00,2,2,0.3347,0.0633,0.798,0.279,0.2665,0.1355,5.07,
2026-02-01,2026-02-01T23:59:00+05:00,2026-02-01_71c69b8c,False,2026-02-03T04:00,2,2,0.3231,0.0946,0.7866,0.3009,0.271,0.1034,4.57,
2026-02-01,2026-02-01T23:59:00+05:00,2026-02-01_71c69b8c,False,2026-02-03T05:00,2,2,0.1207,0.0272,0.6319,0.1142,0.1553,0.1124,4.72,
2026-02-01,2026-02-01T23:59:00+05:00,2026-02-01_71c69b8c,False,2026-02-03T06:00,2,2,0.0714,0.001,0.409,0.0924,0.0828,0.085,4.25,
2026-02-01,2026-02-01T23:59:00+05:00,2026-02-01_71c69b8c,False,2026-02-03T07:00,2,2,0.0539,0.0003,0.2887,0.0629,0.0603,0.0384,3.24,
2026-02-01,2026-02-01T23:59:00+05:00,2026-02-01_71c69b8c,False,2026-02-03T08:00,2,2,0.0864,0.0,0.4163,0.0908,0.0847,0.01,1.95,
2026-02-01,2026-02-01T23:59:00+05:00,2026-02-01_71c69b8c,False,2026-02-03T09:00,2,2,0.0242,0.0,0.259,0.0431,0.0207,0.01,1.43,
2026-02-01,2026-02-01T23:59:00+05:00,2026-02-01_71c69b8c,False,2026-02-03T10:00,2,2,0.0106,0.0088,0.0338,0.0088,0.0148,0.01,1.99,
2026-02-01,2026-02-01T23:59:00+05:00,2026-02-01_71c69b8c,False,2026-02-03T11:00,2,2,0.0145,0.0085,0.0639,0.0066,0.0097,0.0627,3.82,
2026-02-01,2026-02-01T23:59:00+05:00,2026-02-01_71c69b8c,False,2026-02-03T12:00,2,2,0.0172,0.0088,0.083,0.0067,0.0269,0.0578,3.71,
2026-02-01,2026-02-01T23:59:00+05:00,2026-02-01_71c69b8c,False,2026-02-03T13:00,2,2,0.0169,0.0095,0.0627,0.0071,0.0148,0.0187,2.58,
2026-02-01,2026-02-01T23:59:00+05:00,2026-02-01_71c69b8c,False,2026-02-03T14:00,2,2,0.0186,0.0095,0.1061,0.0071,0.0155,0.0303,3.03,
2026-02-01,2026-02-01T23:59:00+05:00,2026-02-01_71c69b8c,False,2026-02-03T15:00,2,2,0.0188,0.0107,0.1595,0.0174,0.0225,0.1232,4.9,
2026-02-01,2026-02-01T23:59:00+05:00,2026-02-01_71c69b8c,False,2026-02-03T16:00,2,2,0.0844,0.0007,0.3163,0.0701,0.0733,0.1154,4.77,
2026-02-01,2026-02-01T23:59:00+05:00,2026-02-01_71c69b8c,False,2026-02-03T17:00,2,3,0.1888,0.0137,0.5909,0.2341,0.2109,0.3769,7.1,
2026-02-01,2026-02-01T23:59:00+05:00,2026-02-01_71c69b8c,False,2026-02-03T18:00,2,3,0.235,0.0265,0.6551,0.2912,0.2457,0.3202,6.71,
2026-02-01,2026-02-01T23:59:00+05:00,2026-02-01_71c69b8c,False,2026-02-03T19:00,2,3,0.1762,0.0142,0.6586,0.2057,0.1981,0.254,6.22,
2026-02-01,2026-02-01T23:59:00+05:00,2026-02-01_71c69b8c,False,2026-02-03T20:00,2,3,0.1436,0.0088,0.4894,0.1576,0.1252,0.1833,5.59,
2026-02-01,2026-02-01T23:59:00+05:00,2026-02-01_71c69b8c,False,2026-02-03T21:00,2,3,0.1158,0.0011,0.5028,0.1313,0.1027,0.1454,5.18,
2026-02-01,2026-02-01T23:59:00+05:00,2026-02-01_71c69b8c,False,2026-02-03T22:00,2,3,0.1253,0.0019,0.5329,0.1092,0.1151,0.2316,6.05,
2026-02-01,2026-02-01T23:59:00+05:00,2026-02-01_71c69b8c,False,2026-02-03T23:00,2,3,0.0985,0.0094,0.4511,0.0932,0.0819,0.2148,5.9,
2026-02-02,2026-02-02T23:59:00+05:00,2026-02-02_ce65dd3e,False,2026-02-03T00:00,1,1,0.1847,0.0152,0.4912,0.1791,0.1351,0.1463,5.19,
2026-02-02,2026-02-02T23:59:00+05:00,2026-02-02_ce65dd3e,False,2026-02-03T01:00,1,1,0.2761,0.0299,0.6872,0.2727,0.2579,0.2316,6.05,
2026-02-02,2026-02-02T23:59:00+05:00,2026-02-02_ce65dd3e,False,2026-02-03T02:00,1,1,0.3119,0.082,0.9005,0.3334,0.3,0.2869,6.47,
2026-02-02,2026-02-02T23:59:00+05:00,2026-02-02_ce65dd3e,False,2026-02-03T03:00,1,1,0.409,0.1349,0.9111,0.4587,0.3794,0.2936,6.52,
2026-02-02,2026-02-02T23:59:00+05:00,2026-02-02_ce65dd3e,False,2026-02-03T04:00,1,1,0.4326,0.1281,0.8737,0.4532,0.3774,0.295,6.53,
2026-02-02,2026-02-02T23:59:00+05:00,2026-02-02_ce65dd3e,False,2026-02-03T05:00,1,1,0.3011,0.0085,0.8081,0.2623,0.2667,0.116,4.78,
2026-02-02,2026-02-02T23:59:00+05:00,2026-02-02_ce65dd3e,False,2026-02-03T06:00,1,1,0.2759,0.0455,0.7217,0.2248,0.2169,0.0157,2.43,
2026-02-02,2026-02-02T23:59:00+05:00,2026-02-02_ce65dd3e,False,2026-02-03T07:00,1,1,0.1578,0.001,0.5789,0.076,0.1006,0.0457,3.43,
2026-02-02,2026-02-02T23:59:00+05:00,2026-02-02_ce65dd3e,False,2026-02-03T08:00,1,1,0.0998,0.0046,0.3576,0.0806,0.0897,0.0163,2.47,
2026-02-02,2026-02-02T23:59:00+05:00,2026-02-02_ce65dd3e,False,2026-02-03T09:00,1,1,0.0245,0.0091,0.1475,0.0258,0.0147,0.0209,2.67,
2026-02-02,2026-02-02T23:59:00+05:00,2026-02-02_ce65dd3e,False,2026-02-03T10:00,1,1,0.0135,0.0091,0.0451,0.005,0.0093,0.0457,3.43,
2026-02-02,2026-02-02T23:59:00+05:00,2026-02-02_ce65dd3e,False,2026-02-03T11:00,1,1,0.0123,0.0093,0.1324,0.0037,0.0158,0.1346,5.06,
2026-02-02,2026-02-02T23:59:00+05:00,2026-02-02_ce65dd3e,False,2026-02-03T12:00,1,1,0.0164,0.0093,0.128,0.013,0.0106,0.1184,4.82,
2026-02-02,2026-02-02T23:59:00+05:00,2026-02-02_ce65dd3e,False,2026-02-03T13:00,1,1,0.0144,0.009,0.0505,0.0099,0.0104,0.0349,3.15,
2026-02-02,2026-02-02T23:59:00+05:00,2026-02-02_ce65dd3e,False,2026-02-03T14:00,1,1,0.0192,0.0088,0.0438,0.0121,0.0133,0.0368,3.2,
2026-02-02,2026-02-02T23:59:00+05:00,2026-02-02_ce65dd3e,False,2026-02-03T15:00,1,1,0.025,0.0089,0.0805,0.0241,0.0175,0.016,2.45,
2026-02-02,2026-02-02T23:59:00+05:00,2026-02-02_ce65dd3e,False,2026-02-03T16:00,1,1,0.0694,0.0,0.2214,0.0628,0.0499,0.0368,3.2,
2026-02-02,2026-02-02T23:59:00+05:00,2026-02-02_ce65dd3e,False,2026-02-03T17:00,1,2,0.221,0.0114,0.4749,0.2166,0.3057,0.0788,4.14,
2026-02-02,2026-02-02T23:59:00+05:00,2026-02-02_ce65dd3e,False,2026-02-03T18:00,1,2,0.323,0.0381,0.6352,0.2941,0.3749,0.2303,6.04,
2026-02-02,2026-02-02T23:59:00+05:00,2026-02-02_ce65dd3e,False,2026-02-03T19:00,1,2,0.4191,0.0471,0.7732,0.3656,0.3728,0.4619,7.64,
2026-02-02,2026-02-02T23:59:00+05:00,2026-02-02_ce65dd3e,False,2026-02-03T20:00,1,2,0.4176,0.0469,0.7961,0.3856,0.3849,0.3753,7.09,
2026-02-02,2026-02-02T23:59:00+05:00,2026-02-02_ce65dd3e,False,2026-02-03T21:00,1,2,0.3646,0.041,0.7799,0.3577,0.3678,0.3216,6.72,
2026-02-02,2026-02-02T23:59:00+05:00,2026-02-02_ce65dd3e,False,2026-02-03T22:00,1,2,0.2715,0.0161,0.7584,0.2941,0.2807,0.3048,6.6,
2026-02-02,2026-02-02T23:59:00+05:00,2026-02-02_ce65dd3e,False,2026-02-03T23:00,1,2,0.2491,0.0186,0.6734,0.3127,0.2626,0.1598,5.34,
2026-02-02,2026-02-02T23:59:00+05:00,2026-02-02_ce65dd3e,False,2026-02-04T00:00,2,2,0.2907,0.0223,0.6981,0.2804,0.2846,0.1544,5.28,
2026-02-02,2026-02-02T23:59:00+05:00,2026-02-02_ce65dd3e,False,2026-02-04T01:00,2,2,0.2403,0.008,0.7064,0.232,0.2589,0.2474,6.17,
2026-02-02,2026-02-02T23:59:00+05:00,2026-02-02_ce65dd3e,False,2026-02-04T02:00,2,2,0.222,0.0049,0.717,0.2642,0.2429,0.2992,6.56,
2026-02-02,2026-02-02T23:59:00+05:00,2026-02-02_ce65dd3e,False,2026-02-04T03:00,2,2,0.2399,0.0208,0.8105,0.2642,0.2888,0.33,6.78,
2026-02-02,2026-02-02T23:59:00+05:00,2026-02-02_ce65dd3e,False,2026-02-04T04:00,2,2,0.4267,0.0435,0.8814,0.4445,0.4642,0.459,7.62,
2026-02-02,2026-02-02T23:59:00+05:00,2026-02-02_ce65dd3e,False,2026-02-04T05:00,2,2,0.2624,0.01,0.7613,0.2704,0.2949,0.2978,6.55,
2026-02-02,2026-02-02T23:59:00+05:00,2026-02-02_ce65dd3e,False,2026-02-04T06:00,2,2,0.3664,0.0027,0.8437,0.4114,0.4365,0.2461,6.16,
2026-02-02,2026-02-02T23:59:00+05:00,2026-02-02_ce65dd3e,False,2026-02-04T07:00,2,2,0.3148,0.0,0.8371,0.3587,0.3962,0.2632,6.29,
2026-02-02,2026-02-02T23:59:00+05:00,2026-02-02_ce65dd3e,False,2026-02-04T08:00,2,2,0.2739,0.0,0.7803,0.3071,0.3615,0.385,7.15,
2026-02-02,2026-02-02T23:59:00+05:00,2026-02-02_ce65dd3e,False,2026-02-04T09:00,2,2,0.2471,0.015,0.7645,0.255,0.2767,0.2461,6.16,
2026-02-02,2026-02-02T23:59:00+05:00,2026-02-02_ce65dd3e,False,2026-02-04T10:00,2,2,0.1852,0.0,0.5918,0.1954,0.2466,0.1463,5.19,
2026-02-02,2026-02-02T23:59:00+05:00,2026-02-02_ce65dd3e,False,2026-02-04T11:00,2,2,0.1752,0.0033,0.6324,0.1425,0.1923,0.1481,5.21,
2026-02-02,2026-02-02T23:59:00+05:00,2026-02-02_ce65dd3e,False,2026-02-04T12:00,2,2,0.1327,0.0039,0.5327,0.146,0.1807,0.0731,4.04,
2026-02-02,2026-02-02T23:59:00+05:00,2026-02-02_ce65dd3e,False,2026-02-04T13:00,2,2,0.1267,0.0029,0.4624,0.1523,0.1632,0.0668,3.91,
2026-02-02,2026-02-02T23:59:00+05:00,2026-02-02_ce65dd3e,False,2026-02-04T14:00,2,2,0.1026,0.0037,0.3972,0.151,0.1423,0.0941,4.41,
2026-02-02,2026-02-02T23:59:00+05:00,2026-02-02_ce65dd3e,False,2026-02-04T15:00,2,2,0.1265,0.0076,0.3986,0.1446,0.1566,0.0827,4.21,
2026-02-02,2026-02-02T23:59:00+05:00,2026-02-02_ce65dd3e,False,2026-02-04T16:00,2,2,0.1287,0.0029,0.4526,0.1418,0.1532,0.0476,3.48,
2026-02-02,2026-02-02T23:59:00+05:00,2026-02-02_ce65dd3e,False,2026-02-04T17:00,2,3,0.0521,0.0102,0.1894,0.0416,0.0302,0.0125,2.19,
2026-02-02,2026-02-02T23:59:00+05:00,2026-02-02_ce65dd3e,False,2026-02-04T18:00,2,3,0.0168,0.0098,0.1043,0.016,0.0301,0.01,1.3,
2026-02-02,2026-02-02T23:59:00+05:00,2026-02-02_ce65dd3e,False,2026-02-04T19:00,2,3,0.0765,0.0116,0.2958,0.0758,0.0582,0.01,1.42,
2026-02-02,2026-02-02T23:59:00+05:00,2026-02-02_ce65dd3e,False,2026-02-04T20:00,2,3,0.4017,0.0234,0.7181,0.3315,0.2851,0.1996,5.75,
2026-02-02,2026-02-02T23:59:00+05:00,2026-02-02_ce65dd3e,False,2026-02-04T21:00,2,3,0.5323,0.0863,0.9768,0.5376,0.4969,0.2922,6.51,
2026-02-02,2026-02-02T23:59:00+05:00,2026-02-02_ce65dd3e,False,2026-02-04T22:00,2,3,0.8245,0.2235,1.0,0.6497,0.7248,0.4545,7.59,
2026-02-02,2026-02-02T23:59:00+05:00,2026-02-02_ce65dd3e,False,2026-02-04T23:00,2,3,0.8605,0.4317,1.0,0.8668,0.7583,0.4545,7.59,
2026-02-03,2026-02-03T23:59:00+05:00,2026-02-03_fd1c4704,False,2026-02-04T00:00,1,1,0.5732,0.0995,0.8379,0.5254,0.5493,0.2632,6.29,
2026-02-03,2026-02-03T23:59:00+05:00,2026-02-03_fd1c4704,False,2026-02-04T01:00,1,1,0.5717,0.083,0.9672,0.5954,0.5533,0.3994,7.24,
2026-02-03,2026-02-03T23:59:00+05:00,2026-02-03_fd1c4704,False,2026-02-04T02:00,1,1,0.4168,0.0334,0.9112,0.4581,0.4724,0.2882,6.48,
2026-02-03,2026-02-03T23:59:00+05:00,2026-02-03_fd1c4704,False,2026-02-04T03:00,1,1,0.4702,0.0862,0.9262,0.4817,0.506,0.2737,6.37,
2026-02-03,2026-02-03T23:59:00+05:00,2026-02-03_fd1c4704,False,2026-02-04T04:00,1,1,0.4354,0.0557,0.9216,0.4198,0.4183,0.2461,6.16,
2026-02-03,2026-02-03T23:59:00+05:00,2026-02-03_fd1c4704,False,2026-02-04T05:00,1,1,0.5814,0.0962,1.0,0.6292,0.6374,0.4575,7.61,
2026-02-03,2026-02-03T23:59:00+05:00,2026-02-03_fd1c4704,False,2026-02-04T06:00,1,1,0.5474,0.1588,0.9619,0.5734,0.5576,0.3426,6.87,
2026-02-03,2026-02-03T23:59:00+05:00,2026-02-03_fd1c4704,False,2026-02-04T07:00,1,1,0.5248,0.1133,0.9352,0.5317,0.5045,0.358,6.98,
2026-02-03,2026-02-03T23:59:00+05:00,2026-02-03_fd1c4704,False,2026-02-04T08:00,1,1,0.4337,0.0597,0.8349,0.4504,0.4742,0.3608,7.0,
2026-02-03,2026-02-03T23:59:00+05:00,2026-02-03_fd1c4704,False,2026-02-04T09:00,1,1,0.2919,0.0136,0.7405,0.3028,0.3447,0.385,7.15,
2026-02-03,2026-02-03T23:59:00+05:00,2026-02-03_fd1c4704,False,2026-02-04T10:00,1,1,0.2847,0.0153,0.6581,0.2471,0.3458,0.3689,7.05,
2026-02-03,2026-02-03T23:59:00+05:00,2026-02-03_fd1c4704,False,2026-02-04T11:00,1,1,0.2661,0.0145,0.5536,0.221,0.3121,0.1833,5.59,
2026-02-03,2026-02-03T23:59:00+05:00,2026-02-03_fd1c4704,False,2026-02-04T12:00,1,1,0.193,0.0067,0.4901,0.2031,0.2052,0.1499,5.23,
2026-02-03,2026-02-03T23:59:00+05:00,2026-02-03_fd1c4704,False,2026-02-04T13:00,1,1,0.1948,0.012,0.474,0.2168,0.1963,0.1463,5.19,
2026-02-03,2026-02-03T23:59:00+05:00,2026-02-03_fd1c4704,False,2026-02-04T14:00,1,1,0.1932,0.017,0.5093,0.2169,0.1903,0.1286,4.99,
2026-02-03,2026-02-03T23:59:00+05:00,2026-02-03_fd1c4704,False,2026-02-04T15:00,1,1,0.2051,0.0171,0.4501,0.2063,0.1842,0.1034,4.57,
2026-02-03,2026-02-03T23:59:00+05:00,2026-02-03_fd1c4704,False,2026-02-04T16:00,1,1,0.1573,0.0064,0.4032,0.1743,0.1454,0.0641,3.85,
2026-02-03,2026-02-03T23:59:00+05:00,2026-02-03_fd1c4704,False,2026-02-04T17:00,1,2,0.058,0.01,0.2429,0.0482,0.0411,0.0252,2.84,
2026-02-03,2026-02-03T23:59:00+05:00,2026-02-03_fd1c4704,False,2026-02-04T18:00,1,2,0.024,0.0095,0.1372,0.0182,0.0283,0.01,0.73,
2026-02-03,2026-02-03T23:59:00+05:00,2026-02-03_fd1c4704,False,2026-02-04T19:00,1,2,0.1085,0.0127,0.3944,0.1108,0.0977,0.1337,5.05,
2026-02-03,2026-02-03T23:59:00+05:00,2026-02-03_fd1c4704,False,2026-02-04T20:00,1,2,0.3517,0.0525,0.8682,0.3445,0.3335,0.2964,6.54,
2026-02-03,2026-02-03T23:59:00+05:00,2026-02-03_fd1c4704,False,2026-02-04T21:00,1,2,0.6537,0.2557,1.0,0.6992,0.728,0.393,7.2,
2026-02-03,2026-02-03T23:59:00+05:00,2026-02-03_fd1c4704,False,2026-02-04T22:00,1,2,0.8936,0.3799,1.0,0.8863,0.9042,0.4663,7.67,
2026-02-03,2026-02-03T23:59:00+05:00,2026-02-03_fd1c4704,False,2026-02-04T23:00,1,2,0.8563,0.435,1.0,0.9371,0.8266,0.4219,7.38,
2026-02-03,2026-02-03T23:59:00+05:00,2026-02-03_fd1c4704,False,2026-02-05T00:00,2,2,0.8352,0.4613,1.0,0.8685,0.8479,0.4781,7.75,
2026-02-03,2026-02-03T23:59:00+05:00,2026-02-03_fd1c4704,False,2026-02-05T01:00,2,2,0.8221,0.5724,0.9885,0.9598,0.8568,0.5226,8.05,
2026-02-03,2026-02-03T23:59:00+05:00,2026-02-03_fd1c4704,False,2026-02-05T02:00,2,2,0.8414,0.7207,0.9894,0.9663,0.863,0.6011,8.57,
2026-02-03,2026-02-03T23:59:00+05:00,2026-02-03_fd1c4704,False,2026-02-05T03:00,2,2,0.8348,0.7686,0.9901,0.971,0.8719,0.6319,8.78,
2026-02-03,2026-02-03T23:59:00+05:00,2026-02-03_fd1c4704,False,2026-02-05T04:00,2,2,0.9456,0.8453,0.99,0.9865,0.9496,0.7634,9.66,
2026-02-03,2026-02-03T23:59:00+05:00,2026-02-03_fd1c4704,False,2026-02-05T05:00,2,2,0.9692,0.8837,0.9776,0.9879,0.9467,0.8663,10.41,
2026-02-03,2026-02-03T23:59:00+05:00,2026-02-03_fd1c4704,False,2026-02-05T06:00,2,2,0.972,0.8795,0.9804,0.9882,0.9557,0.9414,11.19,
2026-02-03,2026-02-03T23:59:00+05:00,2026-02-03_fd1c4704,False,2026-02-05T07:00,2,2,0.977,0.9217,0.9854,0.9864,0.9587,0.9517,11.33,
2026-02-03,2026-02-03T23:59:00+05:00,2026-02-03_fd1c4704,False,2026-02-05T08:00,2,2,0.9771,0.8974,0.9855,0.9876,0.9655,0.9644,11.51,
2026-02-03,2026-02-03T23:59:00+05:00,2026-02-03_fd1c4704,False,2026-02-05T09:00,2,2,0.9718,0.8135,0.9802,0.9901,0.975,0.8862,10.58,
2026-02-03,2026-02-03T23:59:00+05:00,2026-02-03_fd1c4704,False,2026-02-05T10:00,2,2,0.9805,0.8132,0.9889,0.9862,0.9759,0.9177,10.9,
2026-02-03,2026-02-03T23:59:00+05:00,2026-02-03_fd1c4704,False,2026-02-05T11:00,2,2,0.9824,0.8186,0.9908,0.9866,0.9797,0.9772,12.16,
2026-02-03,2026-02-03T23:59:00+05:00,2026-02-03_fd1c4704,False,2026-02-05T12:00,2,2,0.983,0.8468,0.9914,0.9865,0.9809,0.98,12.64,
2026-02-03,2026-02-03T23:59:00+05:00,2026-02-03_fd1c4704,False,2026-02-05T13:00,2,2,0.977,0.8729,0.9854,0.9901,0.9814,0.97,11.75,
2026-02-03,2026-02-03T23:59:00+05:00,2026-02-03_fd1c4704,False,2026-02-05T14:00,2,2,0.9646,0.8711,0.9743,0.996,0.9724,0.8882,10.6,
2026-02-03,2026-02-03T23:59:00+05:00,2026-02-03_fd1c4704,False,2026-02-05T15:00,2,2,0.9444,0.8537,0.9794,0.9727,0.9303,0.6128,8.65,
2026-02-03,2026-02-03T23:59:00+05:00,2026-02-03_fd1c4704,False,2026-02-05T16:00,2,2,0.8438,0.6547,0.9838,0.9332,0.8978,0.5635,8.32,
2026-02-03,2026-02-03T23:59:00+05:00,2026-02-03_fd1c4704,False,2026-02-05T17:00,2,3,0.8631,0.8393,0.9783,0.9478,0.9537,0.648,8.89,
2026-02-03,2026-02-03T23:59:00+05:00,2026-02-03_fd1c4704,False,2026-02-05T18:00,2,3,0.8647,0.6971,0.9785,0.8806,0.9436,0.5996,8.56,
2026-02-03,2026-02-03T23:59:00+05:00,2026-02-03_fd1c4704,False,2026-02-05T19:00,2,3,0.8838,0.5774,0.9885,0.8711,0.9201,0.518,8.02,
2026-02-03,2026-02-03T23:59:00+05:00,2026-02-03_fd1c4704,False,2026-02-05T20:00,2,3,0.7714,0.3884,1.0,0.7897,0.7267,0.3426,6.87,
2026-02-03,2026-02-03T23:59:00+05:00,2026-02-03_fd1c4704,False,2026-02-05T21:00,2,3,0.7714,0.2348,1.0,0.7693,0.7396,0.2908,6.5,
2026-02-03,2026-02-03T23:59:00+05:00,2026-02-03_fd1c4704,False,2026-02-05T22:00,2,3,0.6321,0.1995,1.0,0.7593,0.6556,0.3356,6.82,
2026-02-03,2026-02-03T23:59:00+05:00,2026-02-03_fd1c4704,False,2026-02-05T23:00,2,3,0.6067,0.208,0.9688,0.5873,0.5332,0.3258,6.75,
2026-02-04,2026-02-04T23:59:00+05:00,2026-02-04_3d4de912,False,2026-02-05T00:00,1,1,0.8391,0.564,0.9886,0.9465,0.8332,0.5938,8.52,
2026-02-04,2026-02-04T23:59:00+05:00,2026-02-04_3d4de912,False,2026-02-05T01:00,1,1,0.9512,0.7881,0.9881,0.9504,0.8646,0.681,9.11,
2026-02-04,2026-02-04T23:59:00+05:00,2026-02-04_3d4de912,False,2026-02-05T02:00,1,1,0.9541,0.7425,0.989,0.9772,0.9298,0.7704,9.71,
2026-02-04,2026-02-04T23:59:00+05:00,2026-02-04_3d4de912,False,2026-02-05T03:00,1,1,0.9637,0.7777,0.9917,0.9928,0.9302,0.8206,10.07,
2026-02-04,2026-02-04T23:59:00+05:00,2026-02-04_3d4de912,False,2026-02-05T04:00,1,1,0.9567,0.843,0.9896,0.9921,0.9494,0.8663,10.41,
2026-02-04,2026-02-04T23:59:00+05:00,2026-02-04_3d4de912,False,2026-02-05T05:00,1,1,0.9557,0.8536,0.9718,0.988,0.9586,0.9255,10.98,
2026-02-04,2026-02-04T23:59:00+05:00,2026-02-04_3d4de912,False,2026-02-05T06:00,1,1,0.972,0.8273,0.9804,0.9857,0.9609,0.9691,11.71,
2026-02-04,2026-02-04T23:59:00+05:00,2026-02-04_3d4de912,False,2026-02-05T07:00,1,1,0.9748,0.8468,0.9832,0.9901,0.9666,0.9733,11.89,
2026-02-04,2026-02-04T23:59:00+05:00,2026-02-04_3d4de912,False,2026-02-05T08:00,1,1,0.9709,0.8459,0.9793,0.9901,0.9723,0.9754,11.98,
2026-02-04,2026-02-04T23:59:00+05:00,2026-02-04_3d4de912,False,2026-02-05T09:00,1,1,0.9722,0.8357,0.9806,0.9901,0.9749,0.9665,11.6,
2026-02-04,2026-02-04T23:59:00+05:00,2026-02-04_3d4de912,False,2026-02-05T10:00,1,1,0.9821,0.8195,0.9905,0.9862,0.9757,0.9605,11.45,
2026-02-04,2026-02-04T23:59:00+05:00,2026-02-04_3d4de912,False,2026-02-05T11:00,1,1,0.983,0.8139,0.9914,0.9862,0.9807,0.97,11.75,
2026-02-04,2026-02-04T23:59:00+05:00,2026-02-04_3d4de912,False,2026-02-05T12:00,1,1,0.9829,0.8537,0.9913,0.9912,0.976,0.9766,12.09,
2026-02-04,2026-02-04T23:59:00+05:00,2026-02-04_3d4de912,False,2026-02-05T13:00,1,1,0.9766,0.8802,0.985,0.9892,0.978,0.9436,11.22,
2026-02-04,2026-02-04T23:59:00+05:00,2026-02-04_3d4de912,False,2026-02-05T14:00,1,1,0.9606,0.9078,0.9743,0.9954,0.9728,0.8327,10.16,
2026-02-04,2026-02-04T23:59:00+05:00,2026-02-04_3d4de912,False,2026-02-05T15:00,1,1,0.9459,0.8495,0.982,0.9717,0.9349,0.5908,8.5,
2026-02-04,2026-02-04T23:59:00+05:00,2026-02-04_3d4de912,False,2026-02-05T16:00,1,1,0.7995,0.5325,0.9821,0.8584,0.8796,0.5062,7.94,
2026-02-04,2026-02-04T23:59:00+05:00,2026-02-04_3d4de912,False,2026-02-05T17:00,1,2,0.8586,0.6351,0.978,0.8886,0.9177,0.5848,8.46,
2026-02-04,2026-02-04T23:59:00+05:00,2026-02-04_3d4de912,False,2026-02-05T18:00,1,2,0.7959,0.5651,0.9765,0.8796,0.8046,0.3882,7.17,
2026-02-04,2026-02-04T23:59:00+05:00,2026-02-04_3d4de912,False,2026-02-05T19:00,1,2,0.8695,0.5239,1.0,0.8082,0.8013,0.3048,6.6,
2026-02-04,2026-02-04T23:59:00+05:00,2026-02-04_3d4de912,False,2026-02-05T20:00,1,2,0.8105,0.2653,1.0,0.9297,0.7762,0.3244,6.74,
2026-02-04,2026-02-04T23:59:00+05:00,2026-02-04_3d4de912,False,2026-02-05T21:00,1,2,0.7895,0.2123,1.0,0.8919,0.7554,0.3216,6.72,
2026-02-04,2026-02-04T23:59:00+05:00,2026-02-04_3d4de912,False,2026-02-05T22:00,1,2,0.5846,0.1843,0.9903,0.6374,0.6293,0.3594,6.99,
2026-02-04,2026-02-04T23:59:00+05:00,2026-02-04_3d4de912,False,2026-02-05T23:00,1,2,0.556,0.1493,0.9664,0.6309,0.5397,0.2698,6.34,
2026-02-04,2026-02-04T23:59:00+05:00,2026-02-04_3d4de912,False,2026-02-06T00:00,2,2,0.4189,0.112,0.9109,0.47,0.3353,0.2329,6.06,
2026-02-04,2026-02-04T23:59:00+05:00,2026-02-04_3d4de912,False,2026-02-06T01:00,2,2,0.4051,0.1229,0.8956,0.432,0.3383,0.1925,5.68,
2026-02-04,2026-02-04T23:59:00+05:00,2026-02-04_3d4de912,False,2026-02-06T02:00,2,2,0.3792,0.0811,0.8584,0.4254,0.3266,0.1643,5.39,
2026-02-04,2026-02-04T23:59:00+05:00,2026-02-04_3d4de912,False,2026-02-06T03:00,2,2,0.168,0.0,0.7694,0.1691,0.143,0.1319,5.03,
2026-02-04,2026-02-04T23:59:00+05:00,2026-02-04_3d4de912,False,2026-02-06T04:00,2,2,0.1898,0.009,0.5619,0.1794,0.1627,0.0315,3.06,
2026-02-04,2026-02-04T23:59:00+05:00,2026-02-04_3d4de912,False,2026-02-06T05:00,2,2,0.0299,0.0095,0.3013,0.0528,0.0513,0.0315,3.06,
2026-02-04,2026-02-04T23:59:00+05:00,2026-02-04_3d4de912,False,2026-02-06T06:00,2,2,0.032,0.0099,0.327,0.0279,0.0487,0.5106,7.97,
2026-02-04,2026-02-04T23:59:00+05:00,2026-02-04_3d4de912,False,2026-02-06T07:00,2,2,0.0237,0.0102,0.2519,0.016,0.0397,0.2026,5.78,
2026-02-04,2026-02-04T23:59:00+05:00,2026-02-04_3d4de912,False,2026-02-06T08:00,2,2,0.1553,0.0011,0.4237,0.1159,0.1115,0.1544,5.28,
2026-02-04,2026-02-04T23:59:00+05:00,2026-02-04_3d4de912,False,2026-02-06T09:00,2,2,0.3557,0.0168,0.6465,0.233,0.2366,0.5908,8.5,
2026-02-04,2026-02-04T23:59:00+05:00,2026-02-04_3d4de912,False,2026-02-06T10:00,2,2,0.5283,0.0757,0.9152,0.3931,0.4233,0.98,13.45,
2026-02-04,2026-02-04T23:59:00+05:00,2026-02-04_3d4de912,False,2026-02-06T11:00,2,2,0.7931,0.3679,0.9706,0.6736,0.7463,0.9583,11.42,
2026-02-04,2026-02-04T23:59:00+05:00,2026-02-04_3d4de912,False,2026-02-06T12:00,2,2,0.8646,0.5156,0.9642,0.8106,0.8526,0.98,12.61,
2026-02-04,2026-02-04T23:59:00+05:00,2026-02-04_3d4de912,False,2026-02-06T13:00,2,2,0.9698,0.761,0.9782,0.9689,0.9706,0.98,12.6,
2026-02-04,2026-02-04T23:59:00+05:00,2026-02-04_3d4de912,False,2026-02-06T14:00,2,2,0.9699,0.8896,0.9783,0.9835,0.9855,0.98,13.06,
2026-02-04,2026-02-04T23:59:00+05:00,2026-02-04_3d4de912,False,2026-02-06T15:00,2,2,0.9754,0.9617,0.9838,0.9897,0.9862,0.98,13.08,
2026-02-04,2026-02-04T23:59:00+05:00,2026-02-04_3d4de912,False,2026-02-06T16:00,2,2,0.9867,0.9727,0.9951,0.9986,0.9854,0.9796,12.45,
2026-02-04,2026-02-04T23:59:00+05:00,2026-02-04_3d4de912,False,2026-02-06T17:00,2,3,0.9419,0.7687,0.9803,0.975,0.9546,0.98,13.56,
2026-02-04,2026-02-04T23:59:00+05:00,2026-02-04_3d4de912,False,2026-02-06T18:00,2,3,0.9388,0.6808,0.9795,0.9598,0.9559,0.98,12.97,
2026-02-04,2026-02-04T23:59:00+05:00,2026-02-04_3d4de912,False,2026-02-06T19:00,2,3,0.9506,0.7611,0.98,0.9732,0.9658,0.9653,11.55,
2026-02-04,2026-02-04T23:59:00+05:00,2026-02-04_3d4de912,False,2026-02-06T20:00,2,3,0.957,0.8225,0.9971,0.9732,0.9785,0.8341,10.17,
2026-02-04,2026-02-04T23:59:00+05:00,2026-02-04_3d4de912,False,2026-02-06T21:00,2,3,0.9562,0.8437,0.9995,0.9938,0.9883,0.7436,9.52,
2026-02-04,2026-02-04T23:59:00+05:00,2026-02-04_3d4de912,False,2026-02-06T22:00,2,3,0.9607,0.8078,0.9953,0.9844,0.9814,0.7071,9.28,
2026-02-04,2026-02-04T23:59:00+05:00,2026-02-04_3d4de912,False,2026-02-06T23:00,2,3,0.9529,0.6181,1.0,0.9417,1.0,0.769,9.7,
2026-02-05,2026-02-05T23:59:00+05:00,2026-02-05_9b19efaa,False,2026-02-06T00:00,1,1,0.4422,0.1321,0.9254,0.5354,0.3996,0.2487,6.18,
2026-02-05,2026-02-05T23:59:00+05:00,2026-02-05_9b19efaa,False,2026-02-06T01:00,1,1,0.3952,0.1211,0.8712,0.4767,0.3877,0.1733,5.49,
2026-02-05,2026-02-05T23:59:00+05:00,2026-02-05_9b19efaa,False,2026-02-06T02:00,1,1,0.2971,0.0588,0.8374,0.3691,0.2713,0.14,5.12,
2026-02-05,2026-02-05T23:59:00+05:00,2026-02-05_9b19efaa,False,2026-02-06T03:00,1,1,0.1734,0.0569,0.8423,0.1788,0.141,0.113,4.73,
2026-02-05,2026-02-05T23:59:00+05:00,2026-02-05_9b19efaa,False,2026-02-06T04:00,1,1,0.1816,0.0232,0.6501,0.1725,0.17,0.0295,3.01,
2026-02-05,2026-02-05T23:59:00+05:00,2026-02-05_9b19efaa,False,2026-02-06T05:00,1,1,0.1346,0.0024,0.4015,0.1451,0.1101,0.0272,2.92,
2026-02-05,2026-02-05T23:59:00+05:00,2026-02-05_9b19efaa,False,2026-02-06T06:00,1,1,0.0329,0.0101,0.2402,0.0405,0.0314,0.0103,2.02,
2026-02-05,2026-02-05T23:59:00+05:00,2026-02-05_9b19efaa,False,2026-02-06T07:00,1,1,0.0226,0.0097,0.1707,0.0103,0.0358,0.2369,6.09,
2026-02-05,2026-02-05T23:59:00+05:00,2026-02-05_9b19efaa,False,2026-02-06T08:00,1,1,0.0285,0.0098,0.2591,0.0268,0.0557,0.4075,7.29,
2026-02-05,2026-02-05T23:59:00+05:00,2026-02-05_9b19efaa,False,2026-02-06T09:00,1,1,0.0545,0.0,0.2192,0.0441,0.0439,0.1724,5.48,
2026-02-05,2026-02-05T23:59:00+05:00,2026-02-05_9b19efaa,False,2026-02-06T10:00,1,1,0.0696,0.0001,0.2741,0.0657,0.0745,0.0234,2.77,
2026-02-05,2026-02-05T23:59:00+05:00,2026-02-05_9b19efaa,False,2026-02-06T11:00,1,1,0.1741,0.0,0.6382,0.1168,0.2051,0.1589,5.33,
2026-02-05,2026-02-05T23:59:00+05:00,2026-02-05_9b19efaa,False,2026-02-06T12:00,1,1,0.4678,0.155,0.9647,0.4569,0.3934,0.6348,8.8,
2026-02-05,2026-02-05T23:59:00+05:00,2026-02-05_9b19efaa,False,2026-02-06T13:00,1,1,0.8138,0.4232,0.9702,0.7911,0.804,0.7746,9.74,
2026-02-05,2026-02-05T23:59:00+05:00,2026-02-05_9b19efaa,False,2026-02-06T14:00,1,1,0.9567,0.7752,0.9767,0.9729,0.961,0.9695,11.73,
2026-02-05,2026-02-05T23:59:00+05:00,2026-02-05_9b19efaa,False,2026-02-06T15:00,1,1,0.9759,0.8523,0.9843,0.9846,0.9819,0.98,12.85,
2026-02-05,2026-02-05T23:59:00+05:00,2026-02-05_9b19efaa,False,2026-02-06T16:00,1,1,0.9871,0.9646,0.9955,1.0,0.9789,0.98,13.73,
2026-02-05,2026-02-05T23:59:00+05:00,2026-02-05_9b19efaa,False,2026-02-06T17:00,1,2,0.9906,0.9801,0.999,0.9942,0.974,0.98,14.21,
2026-02-05,2026-02-05T23:59:00+05:00,2026-02-05_9b19efaa,False,2026-02-06T18:00,1,2,0.9908,0.9823,0.9992,0.994,0.9742,0.98,13.65,
2026-02-05,2026-02-05T23:59:00+05:00,2026-02-05_9b19efaa,False,2026-02-06T19:00,1,2,0.988,0.9796,0.9964,0.9939,0.9611,0.98,13.85,
2026-02-05,2026-02-05T23:59:00+05:00,2026-02-05_9b19efaa,False,2026-02-06T20:00,1,2,0.9893,0.9809,0.9977,0.993,0.9942,0.98,13.95,
2026-02-05,2026-02-05T23:59:00+05:00,2026-02-05_9b19efaa,False,2026-02-06T21:00,1,2,0.9887,0.9803,1.0,0.9929,0.9955,0.98,12.98,
2026-02-05,2026-02-05T23:59:00+05:00,2026-02-05_9b19efaa,False,2026-02-06T22:00,1,2,0.9752,0.9668,0.9967,0.9887,0.9911,0.9728,11.87,
2026-02-05,2026-02-05T23:59:00+05:00,2026-02-05_9b19efaa,False,2026-02-06T23:00,1,2,0.9732,0.9232,0.9958,0.9861,1.0,0.9747,11.95,
2026-02-05,2026-02-05T23:59:00+05:00,2026-02-05_9b19efaa,False,2026-02-07T00:00,2,2,0.9833,0.7882,1.0,0.9731,1.0,0.897,10.69,
2026-02-05,2026-02-05T23:59:00+05:00,2026-02-05_9b19efaa,False,2026-02-07T01:00,2,2,0.9294,0.5495,1.0,0.8768,0.9603,0.8569,10.34,
2026-02-05,2026-02-05T23:59:00+05:00,2026-02-05_9b19efaa,False,2026-02-07T02:00,2,2,0.8646,0.487,1.0,0.8478,0.9146,0.7347,9.46,
2026-02-05,2026-02-05T23:59:00+05:00,2026-02-05_9b19efaa,False,2026-02-07T03:00,2,2,0.7274,0.1979,0.9635,0.7047,0.7478,0.5347,8.13,
2026-02-05,2026-02-05T23:59:00+05:00,2026-02-05_9b19efaa,False,2026-02-07T04:00,2,2,0.69,0.0601,0.9759,0.6046,0.5982,0.4396,7.49,
2026-02-05,2026-02-05T23:59:00+05:00,2026-02-05_9b19efaa,False,2026-02-07T05:00,2,2,0.3293,0.0109,0.7904,0.3255,0.3627,0.1661,5.41,
2026-02-05,2026-02-05T23:59:00+05:00,2026-02-05_9b19efaa,False,2026-02-07T06:00,2,2,0.1156,0.0016,0.5982,0.1226,0.1271,0.098,4.48,
2026-02-05,2026-02-05T23:59:00+05:00,2026-02-05_9b19efaa,False,2026-02-07T07:00,2,2,0.0101,0.0,0.2055,0.0173,0.024,0.0159,2.44,
2026-02-05,2026-02-05T23:59:00+05:00,2026-02-05_9b19efaa,False,2026-02-07T08:00,2,2,0.0148,0.0097,0.0985,0.0109,0.0249,0.01,0.86,
2026-02-05,2026-02-05T23:59:00+05:00,2026-02-05_9b19efaa,False,2026-02-07T09:00,2,2,0.0127,0.009,0.0818,0.0119,0.0273,0.01,1.97,
2026-02-05,2026-02-05T23:59:00+05:00,2026-02-05_9b19efaa,False,2026-02-07T10:00,2,2,0.0,0.0,0.2617,0.0,0.0,0.01,1.95,
2026-02-05,2026-02-05T23:59:00+05:00,2026-02-05_9b19efaa,False,2026-02-07T11:00,2,2,0.0053,0.0049,0.3464,0.0134,0.0025,0.0476,3.48,
2026-02-05,2026-02-05T23:59:00+05:00,2026-02-05_9b19efaa,False,2026-02-07T12:00,2,2,0.0643,0.0014,0.4215,0.0924,0.0945,0.0998,4.51,
2026-02-05,2026-02-05T23:59:00+05:00,2026-02-05_9b19efaa,False,2026-02-07T13:00,2,2,0.1236,0.0007,0.4813,0.1605,0.1434,0.1427,5.15,
2026-02-05,2026-02-05T23:59:00+05:00,2026-02-05_9b19efaa,False,2026-02-07T14:00,2,2,0.1164,0.0083,0.4945,0.1788,0.1538,0.131,5.02,
2026-02-05,2026-02-05T23:59:00+05:00,2026-02-05_9b19efaa,False,2026-02-07T15:00,2,2,0.1304,0.0,0.3423,0.119,0.1232,0.0867,4.28,
2026-02-05,2026-02-05T23:59:00+05:00,2026-02-05_9b19efaa,False,2026-02-07T16:00,2,2,0.0542,0.0103,0.233,0.0358,0.0308,0.0433,3.37,
2026-02-05,2026-02-05T23:59:00+05:00,2026-02-05_9b19efaa,False,2026-02-07T17:00,2,3,0.0467,0.0119,0.2598,0.0206,0.0356,0.0311,3.05,
2026-02-05,2026-02-05T23:59:00+05:00,2026-02-05_9b19efaa,False,2026-02-07T18:00,2,3,0.0393,0.0096,0.2973,0.0336,0.0428,0.2057,5.81,
2026-02-05,2026-02-05T23:59:00+05:00,2026-02-05_9b19efaa,False,2026-02-07T19:00,2,3,0.3132,0.0064,0.7276,0.2345,0.2599,0.6948,9.2,
2026-02-05,2026-02-05T23:59:00+05:00,2026-02-05_9b19efaa,False,2026-02-07T20:00,2,3,0.8014,0.3031,1.0,0.6391,0.6978,0.9078,10.8,
2026-02-05,2026-02-05T23:59:00+05:00,2026-02-05_9b19efaa,False,2026-02-07T21:00,2,3,0.8278,0.3872,1.0,0.6652,0.7619,0.7286,9.42,
2026-02-05,2026-02-05T23:59:00+05:00,2026-02-05_9b19efaa,False,2026-02-07T22:00,2,3,0.7737,0.3874,1.0,0.7757,0.7905,0.6202,8.7,
2026-02-05,2026-02-05T23:59:00+05:00,2026-02-05_9b19efaa,False,2026-02-07T23:00,2,3,0.7789,0.3022,1.0,0.7124,0.7064,0.7549,9.6,
2026-02-06,2026-02-06T23:59:00+05:00,2026-02-06_97fa3292,False,2026-02-07T00:00,1,1,0.8018,0.4954,0.9905,0.829,0.8391,0.2645,6.3,
2026-02-06,2026-02-06T23:59:00+05:00,2026-02-06_97fa3292,False,2026-02-07T01:00,1,1,0.7877,0.3578,0.995,0.7474,0.7646,0.2016,5.77,
2026-02-06,2026-02-06T23:59:00+05:00,2026-02-06_97fa3292,False,2026-02-07T02:00,1,1,0.6378,0.1684,0.9595,0.6536,0.6261,0.254,6.22,
2026-02-06,2026-02-06T23:59:00+05:00,2026-02-06_97fa3292,False,2026-02-07T03:00,1,1,0.4752,0.0695,0.8858,0.4789,0.4495,0.2329,6.06,
2026-02-06,2026-02-06T23:59:00+05:00,2026-02-06_97fa3292,False,2026-02-07T04:00,1,1,0.3889,0.0596,0.8401,0.3429,0.3953,0.2118,5.87,
2026-02-06,2026-02-06T23:59:00+05:00,2026-02-06_97fa3292,False,2026-02-07T05:00,1,1,0.1064,0.003,0.6271,0.1362,0.1121,0.0677,3.93,
2026-02-06,2026-02-06T23:59:00+05:00,2026-02-06_97fa3292,False,2026-02-07T06:00,1,1,0.0407,0.0,0.2354,0.0244,0.0312,0.0179,2.55,
2026-02-06,2026-02-06T23:59:00+05:00,2026-02-06_97fa3292,False,2026-02-07T07:00,1,1,0.0147,0.0091,0.0783,0.0086,0.0233,0.01,0.91,
2026-02-06,2026-02-06T23:59:00+05:00,2026-02-06_97fa3292,False,2026-02-07T08:00,1,1,0.0156,0.0092,0.016,0.0112,0.0251,0.01,0.59,
2026-02-06,2026-02-06T23:59:00+05:00,2026-02-06_97fa3292,False,2026-02-07T09:00,1,1,0.0102,0.0096,0.0775,0.0158,0.0193,0.01,1.34,
2026-02-06,2026-02-06T23:59:00+05:00,2026-02-06_97fa3292,False,2026-02-07T10:00,1,1,0.061,0.0078,0.4082,0.0887,0.0937,0.0384,3.24,
2026-02-06,2026-02-06T23:59:00+05:00,2026-02-06_97fa3292,False,2026-02-07T11:00,1,1,0.212,0.0133,0.6306,0.2043,0.1973,0.1833,5.59,
2026-02-06,2026-02-06T23:59:00+05:00,2026-02-06_97fa3292,False,2026-02-07T12:00,1,1,0.276,0.041,0.7629,0.2451,0.2528,0.2461,6.16,
2026-02-06,2026-02-06T23:59:00+05:00,2026-02-06_97fa3292,False,2026-02-07T13:00,1,1,0.2728,0.0481,0.7343,0.2707,0.272,0.2369,6.09,
2026-02-06,2026-02-06T23:59:00+05:00,2026-02-06_97fa3292,False,2026-02-07T14:00,1,1,0.1809,0.0224,0.5623,0.2334,0.1991,0.1472,5.2,
2026-02-06,2026-02-06T23:59:00+05:00,2026-02-06_97fa3292,False,2026-02-07T15:00,1,1,0.1297,0.0004,0.324,0.1107,0.1107,0.0564,3.68,
2026-02-06,2026-02-06T23:59:00+05:00,2026-02-06_97fa3292,False,2026-02-07T16:00,1,1,0.0188,0.0092,0.1091,0.0225,0.02,0.0144,2.33,
2026-02-06,2026-02-06T23:59:00+05:00,2026-02-06_97fa3292,False,2026-02-07T17:00,1,2,0.021,0.0103,0.1358,0.0268,0.0214,0.01,1.52,
2026-02-06,2026-02-06T23:59:00+05:00,2026-02-06_97fa3292,False,2026-02-07T18:00,1,2,0.0886,0.0121,0.3768,0.0882,0.0745,0.0952,4.43,
2026-02-06,2026-02-06T23:59:00+05:00,2026-02-06_97fa3292,False,2026-02-07T19:00,1,2,0.4414,0.0534,0.799,0.3737,0.393,0.3769,7.1,
2026-02-06,2026-02-06T23:59:00+05:00,2026-02-06_97fa3292,False,2026-02-07T20:00,1,2,0.6839,0.23,0.9881,0.6371,0.7179,0.3962,7.22,
2026-02-06,2026-02-06T23:59:00+05:00,2026-02-06_97fa3292,False,2026-02-07T21:00,1,2,0.856,0.3662,1.0,0.8047,0.8646,0.4396,7.49,
2026-02-06,2026-02-06T23:59:00+05:00,2026-02-06_97fa3292,False,2026-02-07T22:00,1,2,0.8953,0.4714,1.0,0.854,0.9211,0.6524,8.92,
2026-02-06,2026-02-06T23:59:00+05:00,2026-02-06_97fa3292,False,2026-02-07T23:00,1,2,0.9241,0.5555,1.0,0.8886,0.9306,0.7393,9.49,
2026-02-06,2026-02-06T23:59:00+05:00,2026-02-06_97fa3292,False,2026-02-08T00:00,2,2,0.9015,0.6064,0.9977,0.8942,0.923,0.8542,10.32,
2026-02-06,2026-02-06T23:59:00+05:00,2026-02-06_97fa3292,False,2026-02-08T01:00,2,2,0.9634,0.5803,0.9945,0.9386,0.9459,0.7102,9.3,
2026-02-06,2026-02-06T23:59:00+05:00,2026-02-06_97fa3292,False,2026-02-08T02:00,2,2,0.8638,0.5566,0.9769,0.8396,0.7777,0.7648,9.67,
2026-02-06,2026-02-06T23:59:00+05:00,2026-02-06_97fa3292,False,2026-02-08T03:00,2,2,0.8663,0.5037,0.9766,0.8452,0.7728,0.7732,9.73,
2026-02-06,2026-02-06T23:59:00+05:00,2026-02-06_97fa3292,False,2026-02-08T04:00,2,2,0.7699,0.3427,0.9608,0.7351,0.7442,0.6703,9.04,
2026-02-06,2026-02-06T23:59:00+05:00,2026-02-06_97fa3292,False,2026-02-08T05:00,2,2,0.6853,0.1803,0.969,0.6975,0.6115,0.4075,7.29,
2026-02-06,2026-02-06T23:59:00+05:00,2026-02-06_97fa3292,False,2026-02-08T06:00,2,2,0.5369,0.0879,0.9538,0.5225,0.5836,0.344,6.88,
2026-02-06,2026-02-06T23:59:00+05:00,2026-02-06_97fa3292,False,2026-02-08T07:00,2,2,0.3977,0.0,0.9017,0.3812,0.4536,0.2658,6.31,
2026-02-06,2026-02-06T23:59:00+05:00,2026-02-06_97fa3292,False,2026-02-08T08:00,2,2,0.3034,0.0122,0.7704,0.2374,0.3193,0.2138,5.89,
2026-02-06,2026-02-06T23:59:00+05:00,2026-02-06_97fa3292,False,2026-02-08T09:00,2,2,0.1442,0.0,0.6397,0.1468,0.1691,0.1232,4.9,
2026-02-06,2026-02-06T23:59:00+05:00,2026-02-06_97fa3292,False,2026-02-08T10:00,2,2,0.1,0.0,0.6012,0.1175,0.1387,0.0483,3.5,
2026-02-06,2026-02-06T23:59:00+05:00,2026-02-06_97fa3292,False,2026-02-08T11:00,2,2,0.0138,0.0087,0.2253,0.0187,0.0219,0.01,1.93,
2026-02-06,2026-02-06T23:59:00+05:00,2026-02-06_97fa3292,False,2026-02-08T12:00,2,2,0.0124,0.0092,0.1249,0.0107,0.0127,0.01,0.97,
2026-02-06,2026-02-06T23:59:00+05:00,2026-02-06_97fa3292,False,2026-02-08T13:00,2,2,0.0136,0.0092,0.1579,0.0108,0.0103,0.01,1.72,
2026-02-06,2026-02-06T23:59:00+05:00,2026-02-06_97fa3292,False,2026-02-08T14:00,2,2,0.0633,0.0012,0.3504,0.0694,0.0691,0.0816,4.19,
2026-02-06,2026-02-06T23:59:00+05:00,2026-02-06_97fa3292,False,2026-02-08T15:00,2,2,0.4515,0.0723,0.8528,0.414,0.4259,0.3721,7.07,
2026-02-06,2026-02-06T23:59:00+05:00,2026-02-06_97fa3292,False,2026-02-08T16:00,2,2,0.949,0.6468,1.0,0.939,0.9847,0.7507,9.57,
2026-02-06,2026-02-06T23:59:00+05:00,2026-02-06_97fa3292,False,2026-02-08T17:00,2,3,0.9848,0.6611,1.0,0.936,0.9566,0.8515,10.3,
2026-02-06,2026-02-06T23:59:00+05:00,2026-02-06_97fa3292,False,2026-02-08T18:00,2,3,0.9886,0.9716,0.997,0.9918,0.9724,0.9723,11.85,
2026-02-06,2026-02-06T23:59:00+05:00,2026-02-06_97fa3292,False,2026-02-08T19:00,2,3,0.9884,0.98,0.9968,0.9945,0.979,0.9634,11.49,
2026-02-06,2026-02-06T23:59:00+05:00,2026-02-06_97fa3292,False,2026-02-08T20:00,2,3,0.9886,0.9802,0.9983,0.99,0.9814,0.978,12.26,
2026-02-06,2026-02-06T23:59:00+05:00,2026-02-06_97fa3292,False,2026-02-08T21:00,2,3,0.9783,0.9216,0.9991,0.99,0.979,0.9789,12.37,
2026-02-06,2026-02-06T23:59:00+05:00,2026-02-06_97fa3292,False,2026-02-08T22:00,2,3,0.9756,0.8905,0.997,0.99,0.9807,0.9788,12.36,
2026-02-06,2026-02-06T23:59:00+05:00,2026-02-06_97fa3292,False,2026-02-08T23:00,2,3,0.9746,0.8583,0.9979,0.99,0.9795,0.98,12.63,
2026-02-07,2026-02-07T23:59:00+05:00,2026-02-07_56b8e276,False,2026-02-08T00:00,1,1,0.9814,0.7562,0.9925,0.9783,0.983,0.9663,11.59,
2026-02-07,2026-02-07T23:59:00+05:00,2026-02-07_56b8e276,False,2026-02-08T01:00,1,1,0.9685,0.7119,1.0,0.9448,0.9816,0.959,11.43,
2026-02-07,2026-02-07T23:59:00+05:00,2026-02-07_56b8e276,False,2026-02-08T02:00,1,1,0.9931,0.5773,1.0,0.9571,0.952,0.8872,10.59,
2026-02-07,2026-02-07T23:59:00+05:00,2026-02-07_56b8e276,False,2026-02-08T03:00,1,1,0.9484,0.5546,1.0,0.9237,0.8933,0.7479,9.55,
2026-02-07,2026-02-07T23:59:00+05:00,2026-02-07_56b8e276,False,2026-02-08T04:00,1,1,0.7838,0.2896,0.9924,0.767,0.8399,0.5742,8.39,
2026-02-07,2026-02-07T23:59:00+05:00,2026-02-07_56b8e276,False,2026-02-08T05:00,1,1,0.633,0.2148,0.9812,0.6752,0.6202,0.5106,7.97,
2026-02-07,2026-02-07T23:59:00+05:00,2026-02-07_56b8e276,False,2026-02-08T06:00,1,1,0.4638,0.0484,0.9191,0.4751,0.4526,0.459,7.62,
2026-02-07,2026-02-07T23:59:00+05:00,2026-02-07_56b8e276,False,2026-02-08T07:00,1,1,0.3182,0.0529,0.865,0.3255,0.3517,0.3244,6.74,
2026-02-07,2026-02-07T23:59:00+05:00,2026-02-07_56b8e276,False,2026-02-08T08:00,1,1,0.2162,0.0081,0.7323,0.1871,0.2178,0.131,5.02,
2026-02-07,2026-02-07T23:59:00+05:00,2026-02-07_56b8e276,False,2026-02-08T09:00,1,1,0.0856,0.0028,0.4939,0.1073,0.0932,0.0457,3.43,
2026-02-07,2026-02-07T23:59:00+05:00,2026-02-07_56b8e276,False,2026-02-08T10:00,1,1,0.0533,0.0112,0.2949,0.0468,0.0621,0.0187,2.58,
2026-02-07,2026-02-07T23:59:00+05:00,2026-02-07_56b8e276,False,2026-02-08T11:00,1,1,0.0237,0.0093,0.1944,0.024,0.0197,0.0123,2.17,
2026-02-07,2026-02-07T23:59:00+05:00,2026-02-07_56b8e276,False,2026-02-08T12:00,1,1,0.0096,0.0089,0.1184,0.0104,0.0077,0.01,1.15,
2026-02-07,2026-02-07T23:59:00+05:00,2026-02-07_56b8e276,False,2026-02-08T13:00,1,1,0.003,0.0026,0.1482,0.0122,0.0242,0.01,0.71,
2026-02-07,2026-02-07T23:59:00+05:00,2026-02-07_56b8e276,False,2026-02-08T14:00,1,1,0.0617,0.0137,0.4464,0.0916,0.0695,0.0274,2.93,
2026-02-07,2026-02-07T23:59:00+05:00,2026-02-07_56b8e276,False,2026-02-08T15:00,1,1,0.4602,0.1357,0.8473,0.3908,0.4138,0.2159,5.91,
2026-02-07,2026-02-07T23:59:00+05:00,2026-02-07_56b8e276,False,2026-02-08T16:00,1,1,0.9362,0.642,1.0,0.9155,0.9603,0.5982,8.55,
2026-02-07,2026-02-07T23:59:00+05:00,2026-02-07_56b8e276,False,2026-02-08T17:00,1,2,0.9681,0.9597,0.9789,0.9761,0.9759,0.8448,10.25,
2026-02-07,2026-02-07T23:59:00+05:00,2026-02-07_56b8e276,False,2026-02-08T18:00,1,2,0.9882,0.9798,0.9966,0.9851,0.9747,0.9167,10.89,
2026-02-07,2026-02-07T23:59:00+05:00,2026-02-07_56b8e276,False,2026-02-08T19:00,1,2,0.9915,0.9831,0.9999,0.9935,0.9882,0.9658,11.57,
2026-02-07,2026-02-07T23:59:00+05:00,2026-02-07_56b8e276,False,2026-02-08T20:00,1,2,0.9889,0.9805,0.9989,0.99,0.9862,0.9705,11.77,
2026-02-07,2026-02-07T23:59:00+05:00,2026-02-07_56b8e276,False,2026-02-08T21:00,1,2,0.9817,0.9733,0.9991,0.99,0.9797,0.9691,11.71,
2026-02-07,2026-02-07T23:59:00+05:00,2026-02-07_56b8e276,False,2026-02-08T22:00,1,2,0.9768,0.9684,0.9967,0.99,0.9787,0.9762,12.04,
2026-02-07,2026-02-07T23:59:00+05:00,2026-02-07_56b8e276,False,2026-02-08T23:00,1,2,0.9747,0.9119,0.9979,0.99,0.9785,0.9794,12.43,
2026-02-07,2026-02-07T23:59:00+05:00,2026-02-07_56b8e276,False,2026-02-09T00:00,2,2,0.9849,0.9111,0.9933,0.99,0.973,0.9772,12.16,
2026-02-07,2026-02-07T23:59:00+05:00,2026-02-07_56b8e276,False,2026-02-09T01:00,2,2,0.9834,0.9117,0.9918,0.99,0.9715,0.9764,12.07,
2026-02-07,2026-02-07T23:59:00+05:00,2026-02-07_56b8e276,False,2026-02-09T02:00,2,2,0.9848,0.8997,0.9932,0.99,0.976,0.9767,12.1,
2026-02-07,2026-02-07T23:59:00+05:00,2026-02-07_56b8e276,False,2026-02-09T03:00,2,2,0.985,0.9216,0.9934,0.99,0.9755,0.9698,11.74,
2026-02-07,2026-02-07T23:59:00+05:00,2026-02-07_56b8e276,False,2026-02-09T04:00,2,2,0.9709,0.9335,0.9918,0.99,0.9759,0.976,12.02,
2026-02-07,2026-02-07T23:59:00+05:00,2026-02-07_56b8e276,False,2026-02-09T05:00,2,2,0.9731,0.9463,0.9815,0.99,0.9766,0.9378,11.14,
2026-02-07,2026-02-07T23:59:00+05:00,2026-02-07_56b8e276,False,2026-02-09T06:00,2,2,0.9731,0.9458,0.9815,0.99,0.9639,0.9059,10.78,
2026-02-07,2026-02-07T23:59:00+05:00,2026-02-07_56b8e276,False,2026-02-09T07:00,2,2,0.9723,0.9237,0.9807,0.99,0.9638,0.8542,10.32,
2026-02-07,2026-02-07T23:59:00+05:00,2026-02-07_56b8e276,False,2026-02-09T08:00,2,2,0.9547,0.8476,0.9708,0.9912,0.956,0.8126,10.01,
2026-02-07,2026-02-07T23:59:00+05:00,2026-02-07_56b8e276,False,2026-02-09T09:00,2,2,0.9653,0.8688,0.9737,0.9792,0.962,0.822,10.08,
2026-02-07,2026-02-07T23:59:00+05:00,2026-02-07_56b8e276,False,2026-02-09T10:00,2,2,0.9629,0.8246,0.9713,0.9822,0.9501,0.6795,9.1,
2026-02-07,2026-02-07T23:59:00+05:00,2026-02-07_56b8e276,False,2026-02-09T11:00,2,2,0.9703,0.8553,0.9787,0.9963,0.9749,0.7316,9.44,
2026-02-07,2026-02-07T23:59:00+05:00,2026-02-07_56b8e276,False,2026-02-09T12:00,2,2,0.9793,0.943,0.9877,0.9947,0.9757,0.7577,9.62,
2026-02-07,2026-02-07T23:59:00+05:00,2026-02-07_56b8e276,False,2026-02-09T13:00,2,2,0.9789,0.8342,0.9873,0.9564,0.9685,0.6979,9.22,
2026-02-07,2026-02-07T23:59:00+05:00,2026-02-07_56b8e276,False,2026-02-09T14:00,2,2,0.9625,0.8666,0.975,0.9726,0.97,0.7676,9.69,
2026-02-07,2026-02-07T23:59:00+05:00,2026-02-07_56b8e276,False,2026-02-09T15:00,2,2,0.9716,0.7879,1.0,0.9831,0.9683,0.8084,9.98,
2026-02-07,2026-02-07T23:59:00+05:00,2026-02-07_56b8e276,False,2026-02-09T16:00,2,2,0.8869,0.7971,0.9731,0.935,0.9242,0.7746,9.74,
2026-02-07,2026-02-07T23:59:00+05:00,2026-02-07_56b8e276,False,2026-02-09T17:00,2,3,0.8934,0.6895,0.9769,0.9534,0.9485,0.6642,9.0,
2026-02-07,2026-02-07T23:59:00+05:00,2026-02-07_56b8e276,False,2026-02-09T18:00,2,3,0.8331,0.4716,0.9768,0.8124,0.8451,0.4899,7.83,
2026-02-07,2026-02-07T23:59:00+05:00,2026-02-07_56b8e276,False,2026-02-09T19:00,2,3,0.7021,0.3181,1.0,0.7941,0.7698,0.3258,6.75,
2026-02-07,2026-02-07T23:59:00+05:00,2026-02-07_56b8e276,False,2026-02-09T20:00,2,3,0.5293,0.2458,1.0,0.5533,0.5723,0.1935,5.69,
2026-02-07,2026-02-07T23:59:00+05:00,2026-02-07_56b8e276,False,2026-02-09T21:00,2,3,0.5716,0.0711,0.9954,0.6287,0.5945,0.1499,5.23,
2026-02-07,2026-02-07T23:59:00+05:00,2026-02-07_56b8e276,False,2026-02-09T22:00,2,3,0.3184,0.0334,0.9904,0.443,0.4151,0.1427,5.15,
2026-02-07,2026-02-07T23:59:00+05:00,2026-02-07_56b8e276,False,2026-02-09T23:00,2,3,0.3222,0.0417,0.8365,0.237,0.2366,0.1803,5.56,
2026-02-08,2026-02-08T23:59:00+05:00,2026-02-08_c0fbdec1,False,2026-02-09T00:00,1,1,0.9855,0.9184,0.9939,0.99,0.9716,0.9728,11.87,
2026-02-08,2026-02-08T23:59:00+05:00,2026-02-08_c0fbdec1,False,2026-02-09T01:00,1,1,0.9849,0.952,0.9933,0.99,0.9809,0.9766,12.09,
2026-02-08,2026-02-08T23:59:00+05:00,2026-02-08_c0fbdec1,False,2026-02-09T02:00,1,1,0.9848,0.9102,0.9932,0.99,0.9662,0.974,11.92,
2026-02-08,2026-02-08T23:59:00+05:00,2026-02-08_c0fbdec1,False,2026-02-09T03:00,1,1,0.9847,0.9271,0.9931,0.99,0.9685,0.9777,12.22,
2026-02-08,2026-02-08T23:59:00+05:00,2026-02-08_c0fbdec1,False,2026-02-09T04:00,1,1,0.9713,0.9407,0.9898,0.99,0.9796,0.9672,11.63,
2026-02-08,2026-02-08T23:59:00+05:00,2026-02-08_c0fbdec1,False,2026-02-09T05:00,1,1,0.9736,0.9464,0.982,0.99,0.9702,0.8901,10.62,
2026-02-08,2026-02-08T23:59:00+05:00,2026-02-08_c0fbdec1,False,2026-02-09T06:00,1,1,0.973,0.9512,0.9814,0.99,0.9695,0.8014,9.93,
2026-02-08,2026-02-08T23:59:00+05:00,2026-02-08_c0fbdec1,False,2026-02-09T07:00,1,1,0.9723,0.9378,0.9807,0.9903,0.9573,0.7915,9.86,
2026-02-08,2026-02-08T23:59:00+05:00,2026-02-08_c0fbdec1,False,2026-02-09T08:00,1,1,0.9536,0.9025,0.9715,0.9902,0.959,0.7591,9.63,
2026-02-08,2026-02-08T23:59:00+05:00,2026-02-08_c0fbdec1,False,2026-02-09T09:00,1,1,0.9559,0.9037,0.9728,0.9774,0.9617,0.7071,9.28,
2026-02-08,2026-02-08T23:59:00+05:00,2026-02-08_c0fbdec1,False,2026-02-09T10:00,1,1,0.9803,0.9058,0.9887,0.9911,0.974,0.7507,9.57,
2026-02-08,2026-02-08T23:59:00+05:00,2026-02-08_c0fbdec1,False,2026-02-09T11:00,1,1,0.9785,0.8931,0.9869,0.9905,0.9722,0.7986,9.91,
2026-02-08,2026-02-08T23:59:00+05:00,2026-02-08_c0fbdec1,False,2026-02-09T12:00,1,1,0.9821,0.9285,0.9905,0.9898,0.9732,0.826,10.11,
2026-02-08,2026-02-08T23:59:00+05:00,2026-02-08_c0fbdec1,False,2026-02-09T13:00,1,1,0.9795,0.8971,0.9879,0.979,0.9722,0.7549,9.6,
2026-02-08,2026-02-08T23:59:00+05:00,2026-02-08_c0fbdec1,False,2026-02-09T14:00,1,1,0.9575,0.8755,0.9751,0.9542,0.9638,0.8098,9.99,
2026-02-08,2026-02-08T23:59:00+05:00,2026-02-08_c0fbdec1,False,2026-02-09T15:00,1,1,0.9476,0.8241,0.9765,0.9401,0.9231,0.6933,9.19,
2026-02-08,2026-02-08T23:59:00+05:00,2026-02-08_c0fbdec1,False,2026-02-09T16:00,1,1,0.8922,0.7521,0.9738,0.944,0.921,0.7148,9.33,
2026-02-08,2026-02-08T23:59:00+05:00,2026-02-08_c0fbdec1,False,2026-02-09T17:00,1,2,0.8869,0.671,0.9774,0.8076,0.9138,0.8098,9.99,
2026-02-08,2026-02-08T23:59:00+05:00,2026-02-08_c0fbdec1,False,2026-02-09T18:00,1,2,0.7554,0.3497,0.9795,0.7532,0.764,0.6642,9.0,
2026-02-08,2026-02-08T23:59:00+05:00,2026-02-08_c0fbdec1,False,2026-02-09T19:00,1,2,0.7514,0.228,1.0,0.6811,0.7105,0.5423,8.18,
2026-02-08,2026-02-08T23:59:00+05:00,2026-02-08_c0fbdec1,False,2026-02-09T20:00,1,2,0.7037,0.1796,1.0,0.6307,0.5732,0.2908,6.5,
2026-02-08,2026-02-08T23:59:00+05:00,2026-02-08_c0fbdec1,False,2026-02-09T21:00,1,2,0.4054,0.0306,0.7055,0.3707,0.3395,0.0453,3.42,
2026-02-08,2026-02-08T23:59:00+05:00,2026-02-08_c0fbdec1,False,2026-02-09T22:00,1,2,0.1541,0.0,0.5768,0.18,0.1511,0.01,1.27,
2026-02-08,2026-02-08T23:59:00+05:00,2026-02-08_c0fbdec1,False,2026-02-09T23:00,1,2,0.0894,0.0,0.5297,0.1343,0.1177,0.01,1.17,
2026-02-08,2026-02-08T23:59:00+05:00,2026-02-08_c0fbdec1,False,2026-02-10T00:00,2,2,0.1908,0.008,0.498,0.2034,0.1778,0.0372,3.21,
2026-02-08,2026-02-08T23:59:00+05:00,2026-02-08_c0fbdec1,False,2026-02-10T01:00,2,2,0.1812,0.0047,0.5608,0.2177,0.1647,0.06,3.76,
2026-02-08,2026-02-08T23:59:00+05:00,2026-02-08_c0fbdec1,False,2026-02-10T02:00,2,2,0.1705,0.016,0.6367,0.1613,0.1489,0.0645,3.86,
2026-02-08,2026-02-08T23:59:00+05:00,2026-02-08_c0fbdec1,False,2026-02-10T03:00,2,2,0.1353,0.0214,0.5822,0.1794,0.1411,0.0833,4.22,
2026-02-08,2026-02-08T23:59:00+05:00,2026-02-08_c0fbdec1,False,2026-02-10T04:00,2,2,0.1606,0.0003,0.5741,0.1604,0.1202,0.113,4.73,
2026-02-08,2026-02-08T23:59:00+05:00,2026-02-08_c0fbdec1,False,2026-02-10T05:00,2,2,0.1062,0.0017,0.4353,0.1431,0.1291,0.107,4.63,
2026-02-08,2026-02-08T23:59:00+05:00,2026-02-08_c0fbdec1,False,2026-02-10T06:00,2,2,0.3646,0.0648,0.8865,0.3994,0.3127,0.2047,5.8,
2026-02-08,2026-02-08T23:59:00+05:00,2026-02-08_c0fbdec1,False,2026-02-10T07:00,2,2,0.0815,0.0033,0.519,0.0799,0.0878,0.0449,3.41,
2026-02-08,2026-02-08T23:59:00+05:00,2026-02-08_c0fbdec1,False,2026-02-10T08:00,2,2,0.097,0.0045,0.5516,0.1136,0.0898,0.1752,5.51,
2026-02-08,2026-02-08T23:59:00+05:00,2026-02-08_c0fbdec1,False,2026-02-10T09:00,2,2,0.1172,0.0025,0.5436,0.1291,0.1124,0.0349,3.15,
2026-02-08,2026-02-08T23:59:00+05:00,2026-02-08_c0fbdec1,False,2026-02-10T10:00,2,2,0.0716,0.0,0.5052,0.081,0.0939,0.1346,5.06,
2026-02-08,2026-02-08T23:59:00+05:00,2026-02-08_c0fbdec1,False,2026-02-10T11:00,2,2,0.0243,0.0,0.3852,0.0471,0.0512,0.0307,3.04,
2026-02-08,2026-02-08T23:59:00+05:00,2026-02-08_c0fbdec1,False,2026-02-10T12:00,2,2,0.0685,0.0,0.508,0.0782,0.1063,0.1292,5.0,
2026-02-08,2026-02-08T23:59:00+05:00,2026-02-08_c0fbdec1,False,2026-02-10T13:00,2,2,0.2462,0.0091,0.7257,0.2277,0.179,0.4236,7.39,
2026-02-08,2026-02-08T23:59:00+05:00,2026-02-08_c0fbdec1,False,2026-02-10T14:00,2,2,0.2246,0.0043,0.7626,0.1991,0.2547,0.1244,4.92,
2026-02-08,2026-02-08T23:59:00+05:00,2026-02-08_c0fbdec1,False,2026-02-10T15:00,2,2,0.2801,0.0,0.8033,0.3065,0.3043,0.1301,5.01,
2026-02-08,2026-02-08T23:59:00+05:00,2026-02-08_c0fbdec1,False,2026-02-10T16:00,2,2,0.3712,0.0256,0.847,0.2782,0.3569,0.1915,5.67,
2026-02-08,2026-02-08T23:59:00+05:00,2026-02-08_c0fbdec1,False,2026-02-10T17:00,2,3,0.0692,0.0028,0.4815,0.1049,0.0839,0.0958,4.44,
2026-02-08,2026-02-08T23:59:00+05:00,2026-02-08_c0fbdec1,False,2026-02-10T18:00,2,3,0.0441,0.0031,0.3926,0.0493,0.0555,0.0632,3.83,
2026-02-08,2026-02-08T23:59:00+05:00,2026-02-08_c0fbdec1,False,2026-02-10T19:00,2,3,0.3659,0.0164,0.8178,0.3265,0.274,0.25,6.19,
2026-02-08,2026-02-08T23:59:00+05:00,2026-02-08_c0fbdec1,False,2026-02-10T20:00,2,3,0.5197,0.0169,1.0,0.4294,0.439,0.5742,8.39,
2026-02-08,2026-02-08T23:59:00+05:00,2026-02-08_c0fbdec1,False,2026-02-10T21:00,2,3,0.4887,0.0776,1.0,0.4841,0.5206,0.8166,10.04,
2026-02-08,2026-02-08T23:59:00+05:00,2026-02-08_c0fbdec1,False,2026-02-10T22:00,2,3,0.4854,0.1637,1.0,0.4218,0.4433,0.8911,10.63,
2026-02-08,2026-02-08T23:59:00+05:00,2026-02-08_c0fbdec1,False,2026-02-10T23:00,2,3,0.8189,0.2785,1.0,0.8033,0.8015,0.9644,11.51,
2026-02-09,2026-02-09T23:59:00+05:00,2026-02-09_409e1527,False,2026-02-10T00:00,1,1,0.0674,0.0,0.3657,0.0984,0.0456,0.0318,3.07,
2026-02-09,2026-02-09T23:59:00+05:00,2026-02-09_409e1527,False,2026-02-10T01:00,1,1,0.0629,0.0,0.3582,0.1339,0.0809,0.0155,2.41,
2026-02-09,2026-02-09T23:59:00+05:00,2026-02-09_409e1527,False,2026-02-10T02:00,1,1,0.0685,0.0009,0.3872,0.1263,0.0962,0.0127,2.2,
2026-02-09,2026-02-09T23:59:00+05:00,2026-02-09_409e1527,False,2026-02-10T03:00,1,1,0.1197,0.0021,0.5748,0.1404,0.113,0.0123,2.17,
2026-02-09,2026-02-09T23:59:00+05:00,2026-02-09_409e1527,False,2026-02-10T04:00,1,1,0.1051,0.0043,0.4868,0.1222,0.1073,0.0307,3.04,
2026-02-09,2026-02-09T23:59:00+05:00,2026-02-09_409e1527,False,2026-02-10T05:00,1,1,0.1851,0.0025,0.6719,0.1709,0.1583,0.01,1.28,
2026-02-09,2026-02-09T23:59:00+05:00,2026-02-09_409e1527,False,2026-02-10T06:00,1,1,0.0428,0.0092,0.324,0.0463,0.0417,0.0569,3.69,
2026-02-09,2026-02-09T23:59:00+05:00,2026-02-09_409e1527,False,2026-02-10T07:00,1,1,0.203,0.0349,0.8013,0.177,0.237,0.1004,4.52,
2026-02-09,2026-02-09T23:59:00+05:00,2026-02-09_409e1527,False,2026-02-10T08:00,1,1,0.2122,0.0342,0.6944,0.1901,0.2665,0.1854,5.61,
2026-02-09,2026-02-09T23:59:00+05:00,2026-02-09_409e1527,False,2026-02-10T09:00,1,1,0.2224,0.0,0.7385,0.2161,0.2718,0.1076,4.64,
2026-02-09,2026-02-09T23:59:00+05:00,2026-02-09_409e1527,False,2026-02-10T10:00,1,1,0.1753,0.0,0.7269,0.1501,0.1942,0.1589,5.33,
2026-02-09,2026-02-09T23:59:00+05:00,2026-02-09_409e1527,False,2026-02-10T11:00,1,1,0.1469,0.0055,0.4794,0.1473,0.1381,0.0399,3.28,
2026-02-09,2026-02-09T23:59:00+05:00,2026-02-09_409e1527,False,2026-02-10T12:00,1,1,0.1867,0.005,0.5802,0.1896,0.1856,0.0433,3.37,
2026-02-09,2026-02-09T23:59:00+05:00,2026-02-09_409e1527,False,2026-02-10T13:00,1,1,0.1804,0.0066,0.5274,0.2072,0.1474,0.1286,4.99,
2026-02-09,2026-02-09T23:59:00+05:00,2026-02-09_409e1527,False,2026-02-10T14:00,1,1,0.1199,0.0035,0.4766,0.1402,0.1006,0.224,5.99,
2026-02-09,2026-02-09T23:59:00+05:00,2026-02-09_409e1527,False,2026-02-10T15:00,1,1,0.0825,0.0013,0.3844,0.0583,0.0786,0.2077,5.83,
2026-02-09,2026-02-09T23:59:00+05:00,2026-02-09_409e1527,False,2026-02-10T16:00,1,1,0.0703,0.006,0.4743,0.052,0.0641,0.2159,5.91,
2026-02-09,2026-02-09T23:59:00+05:00,2026-02-09_409e1527,False,2026-02-10T17:00,1,2,0.0562,0.0071,0.5475,0.0766,0.0695,0.0708,4.0,
2026-02-09,2026-02-09T23:59:00+05:00,2026-02-09_409e1527,False,2026-02-10T18:00,1,2,0.0698,0.0002,0.4349,0.0744,0.0733,0.0912,4.36,
2026-02-09,2026-02-09T23:59:00+05:00,2026-02-09_409e1527,False,2026-02-10T19:00,1,2,0.2484,0.0094,0.5653,0.2573,0.2412,0.0257,2.86,
2026-02-09,2026-02-09T23:59:00+05:00,2026-02-09_409e1527,False,2026-02-10T20:00,1,2,0.395,0.0551,0.8983,0.4065,0.3771,0.4752,7.73,
2026-02-09,2026-02-09T23:59:00+05:00,2026-02-09_409e1527,False,2026-02-10T21:00,1,2,0.4462,0.1636,0.9575,0.4588,0.4625,0.5003,7.9,
2026-02-09,2026-02-09T23:59:00+05:00,2026-02-09_409e1527,False,2026-02-10T22:00,1,2,0.9174,0.3272,1.0,0.9545,0.8636,0.6334,8.79,
2026-02-09,2026-02-09T23:59:00+05:00,2026-02-09_409e1527,False,2026-02-10T23:00,1,2,0.9248,0.7124,1.0,0.9293,0.898,0.9774,12.19,
2026-02-09,2026-02-09T23:59:00+05:00,2026-02-09_409e1527,False,2026-02-11T00:00,2,2,0.9585,0.8845,0.991,0.9893,0.9468,0.9265,10.99,
2026-02-09,2026-02-09T23:59:00+05:00,2026-02-09_409e1527,False,2026-02-11T01:00,2,2,0.7986,0.7902,0.9881,0.9765,0.8884,0.681,9.11,
2026-02-09,2026-02-09T23:59:00+05:00,2026-02-09_409e1527,False,2026-02-11T02:00,2,2,0.8275,0.6983,0.9888,0.9034,0.8618,0.5271,8.08,
2026-02-09,2026-02-09T23:59:00+05:00,2026-02-09_409e1527,False,2026-02-11T03:00,2,2,0.7679,0.5198,0.9787,0.7779,0.6736,0.2978,6.55,
2026-02-09,2026-02-09T23:59:00+05:00,2026-02-09_409e1527,False,2026-02-11T04:00,2,2,0.5608,0.3381,0.973,0.7037,0.6206,0.0349,3.15,
2026-02-09,2026-02-09T23:59:00+05:00,2026-02-09_409e1527,False,2026-02-11T05:00,2,2,0.2996,0.0282,0.836,0.2699,0.3576,0.0609,3.78,
2026-02-09,2026-02-09T23:59:00+05:00,2026-02-09_409e1527,False,2026-02-11T06:00,2,2,0.0977,0.0001,0.4076,0.1366,0.1188,0.014,2.3,
2026-02-09,2026-02-09T23:59:00+05:00,2026-02-09_409e1527,False,2026-02-11T07:00,2,2,0.0304,0.009,0.2163,0.0475,0.0456,0.0115,2.11,
2026-02-09,2026-02-09T23:59:00+05:00,2026-02-09_409e1527,False,2026-02-11T08:00,2,2,0.036,0.0095,0.2366,0.0385,0.0363,0.01,1.19,
2026-02-09,2026-02-09T23:59:00+05:00,2026-02-09_409e1527,False,2026-02-11T09:00,2,2,0.0556,0.009,0.3957,0.0535,0.0639,0.0776,4.12,
2026-02-09,2026-02-09T23:59:00+05:00,2026-02-09_409e1527,False,2026-02-11T10:00,2,2,0.2082,0.0064,0.7115,0.1957,0.1599,0.0123,2.17,
2026-02-09,2026-02-09T23:59:00+05:00,2026-02-09_409e1527,False,2026-02-11T11:00,2,2,0.3152,0.0183,0.8711,0.3821,0.3439,0.0918,4.37,
2026-02-09,2026-02-09T23:59:00+05:00,2026-02-09_409e1527,False,2026-02-11T12:00,2,2,0.1307,0.0,0.8528,0.1572,0.2044,0.0782,4.13,
2026-02-09,2026-02-09T23:59:00+05:00,2026-02-09_409e1527,False,2026-02-11T13:00,2,2,0.0396,0.0,0.601,0.0428,0.03,0.01,1.2,
2026-02-09,2026-02-09T23:59:00+05:00,2026-02-09_409e1527,False,2026-02-11T14:00,2,2,0.0,0.0,0.6896,0.0371,0.032,0.4663,7.67,
2026-02-09,2026-02-09T23:59:00+05:00,2026-02-09_409e1527,False,2026-02-11T15:00,2,2,0.4871,0.0565,0.9234,0.4547,0.4748,0.9777,12.22,
2026-02-09,2026-02-09T23:59:00+05:00,2026-02-09_409e1527,False,2026-02-11T16:00,2,2,0.8549,0.372,1.0,0.7371,0.7801,0.98,12.7,
2026-02-09,2026-02-09T23:59:00+05:00,2026-02-09_409e1527,False,2026-02-11T17:00,2,3,0.9747,0.8628,0.9893,0.9982,0.9489,0.8716,10.45,
2026-02-09,2026-02-09T23:59:00+05:00,2026-02-09_409e1527,False,2026-02-11T18:00,2,3,0.9662,0.9092,0.9891,0.9902,0.9482,0.8435,10.24,
2026-02-09,2026-02-09T23:59:00+05:00,2026-02-09_409e1527,False,2026-02-11T19:00,2,3,0.9578,0.6993,0.9963,0.9374,0.9511,0.6933,9.19,
2026-02-09,2026-02-09T23:59:00+05:00,2026-02-09_409e1527,False,2026-02-11T20:00,2,3,0.8536,0.5505,1.0,0.8697,0.948,0.4252,7.4,
2026-02-09,2026-02-09T23:59:00+05:00,2026-02-09_409e1527,False,2026-02-11T21:00,2,3,0.9028,0.4333,1.0,0.9425,0.8902,0.3673,7.04,
2026-02-09,2026-02-09T23:59:00+05:00,2026-02-09_409e1527,False,2026-02-11T22:00,2,3,0.7544,0.2948,1.0,0.7769,0.8004,0.3482,6.91,
2026-02-09,2026-02-09T23:59:00+05:00,2026-02-09_409e1527,False,2026-02-11T23:00,2,3,0.6642,0.2492,0.9924,0.6139,0.6903,0.393,7.2,
2026-02-10,2026-02-10T23:59:00+05:00,2026-02-10_488f7a84,False,2026-02-11T00:00,1,1,0.9673,0.9569,0.9905,0.9979,0.9696,0.9751,11.97,
2026-02-10,2026-02-10T23:59:00+05:00,2026-02-10_488f7a84,False,2026-02-11T01:00,1,1,0.9488,0.8553,0.9891,0.9805,0.9595,0.897,10.69,
2026-02-10,2026-02-10T23:59:00+05:00,2026-02-10_488f7a84,False,2026-02-11T02:00,1,1,0.8463,0.5989,0.9896,0.861,0.8169,0.6011,8.57,
2026-02-10,2026-02-10T23:59:00+05:00,2026-02-10_488f7a84,False,2026-02-11T03:00,1,1,0.7864,0.4652,0.9791,0.8292,0.7201,0.3801,7.12,
2026-02-10,2026-02-10T23:59:00+05:00,2026-02-10_488f7a84,False,2026-02-11T04:00,1,1,0.4781,0.2411,0.9498,0.5191,0.5507,0.1202,4.85,
2026-02-10,2026-02-10T23:59:00+05:00,2026-02-10_488f7a84,False,2026-02-11T05:00,1,1,0.5495,0.1155,0.8989,0.5051,0.5061,0.0759,4.09,
2026-02-10,2026-02-10T23:59:00+05:00,2026-02-10_488f7a84,False,2026-02-11T06:00,1,1,0.0317,0.0015,0.3613,0.0595,0.0567,0.0136,2.27,
2026-02-10,2026-02-10T23:59:00+05:00,2026-02-10_488f7a84,False,2026-02-11T07:00,1,1,0.0288,0.0094,0.2959,0.0377,0.037,0.0159,2.44,
2026-02-10,2026-02-10T23:59:00+05:00,2026-02-10_488f7a84,False,2026-02-11T08:00,1,1,0.0244,0.0089,0.3174,0.0158,0.0226,0.1202,4.85,
2026-02-10,2026-02-10T23:59:00+05:00,2026-02-10_488f7a84,False,2026-02-11T09:00,1,1,0.0154,0.0097,0.479,0.0326,0.0196,0.0376,3.22,
2026-02-10,2026-02-10T23:59:00+05:00,2026-02-10_488f7a84,False,2026-02-11T10:00,1,1,0.0887,0.0272,0.4448,0.1161,0.0793,0.01,1.97,
2026-02-10,2026-02-10T23:59:00+05:00,2026-02-10_488f7a84,False,2026-02-11T11:00,1,1,0.2486,0.0299,0.6563,0.1946,0.2313,0.0292,3.0,
2026-02-10,2026-02-10T23:59:00+05:00,2026-02-10_488f7a84,False,2026-02-11T12:00,1,1,0.0802,0.003,0.5493,0.0811,0.0947,0.0247,2.82,
2026-02-10,2026-02-10T23:59:00+05:00,2026-02-10_488f7a84,False,2026-02-11T13:00,1,1,0.0,0.0,0.2984,0.0124,0.0026,0.014,2.3,
2026-02-10,2026-02-10T23:59:00+05:00,2026-02-10_488f7a84,False,2026-02-11T14:00,1,1,0.0326,0.0087,0.3577,0.0366,0.025,0.3426,6.87,
2026-02-10,2026-02-10T23:59:00+05:00,2026-02-10_488f7a84,False,2026-02-11T15:00,1,1,0.3973,0.0219,0.8489,0.4121,0.4128,0.8381,10.2,
2026-02-10,2026-02-10T23:59:00+05:00,2026-02-10_488f7a84,False,2026-02-11T16:00,1,1,0.8729,0.5651,1.0,0.9201,0.8738,0.9786,12.33,
2026-02-10,2026-02-10T23:59:00+05:00,2026-02-10_488f7a84,False,2026-02-11T17:00,1,2,0.859,0.6752,0.9842,0.7956,0.8497,0.98,13.19,
2026-02-10,2026-02-10T23:59:00+05:00,2026-02-10_488f7a84,False,2026-02-11T18:00,1,2,0.9707,0.7116,0.9868,0.9871,0.9347,0.9744,11.94,
2026-02-10,2026-02-10T23:59:00+05:00,2026-02-10_488f7a84,False,2026-02-11T19:00,1,2,0.9647,0.9563,0.9892,0.9696,0.955,0.9759,12.01,
2026-02-10,2026-02-10T23:59:00+05:00,2026-02-10_488f7a84,False,2026-02-11T20:00,1,2,0.9709,0.9625,0.9943,0.9858,0.9637,0.9177,10.9,
2026-02-10,2026-02-10T23:59:00+05:00,2026-02-10_488f7a84,False,2026-02-11T21:00,1,2,0.9844,0.8772,0.9953,0.9913,0.9998,0.7662,9.68,
2026-02-10,2026-02-10T23:59:00+05:00,2026-02-10_488f7a84,False,2026-02-11T22:00,1,2,0.8944,0.64,1.0,0.9946,0.9607,0.6011,8.57,
2026-02-10,2026-02-10T23:59:00+05:00,2026-02-10_488f7a84,False,2026-02-11T23:00,1,2,0.9161,0.5063,1.0,0.8307,0.9183,0.7194,9.36,
2026-02-10,2026-02-10T23:59:00+05:00,2026-02-10_488f7a84,False,2026-02-12T00:00,2,2,0.8746,0.4378,1.0,0.8361,0.898,0.5347,8.13,
2026-02-10,2026-02-10T23:59:00+05:00,2026-02-10_488f7a84,False,2026-02-12T01:00,2,2,0.8466,0.326,1.0,0.8252,0.9088,0.4187,7.36,
2026-02-10,2026-02-10T23:59:00+05:00,2026-02-10_488f7a84,False,2026-02-12T02:00,2,2,0.7627,0.2618,1.0,0.6841,0.7457,0.4501,7.56,
2026-02-10,2026-02-10T23:59:00+05:00,2026-02-10_488f7a84,False,2026-02-12T03:00,2,2,0.6526,0.1071,0.9687,0.5637,0.6763,0.2658,6.31,
2026-02-10,2026-02-10T23:59:00+05:00,2026-02-10_488f7a84,False,2026-02-12T04:00,2,2,0.6356,0.0901,0.985,0.6272,0.6265,0.2964,6.54,
2026-02-10,2026-02-10T23:59:00+05:00,2026-02-10_488f7a84,False,2026-02-12T05:00,2,2,0.431,0.0429,0.8752,0.4514,0.4819,0.3202,6.71,
2026-02-10,2026-02-10T23:59:00+05:00,2026-02-10_488f7a84,False,2026-02-12T06:00,2,2,0.2936,0.0051,0.7047,0.2348,0.2753,0.1706,5.46,
2026-02-10,2026-02-10T23:59:00+05:00,2026-02-10_488f7a84,False,2026-02-12T07:00,2,2,0.112,0.0,0.5228,0.1556,0.1678,0.0533,3.61,
2026-02-10,2026-02-10T23:59:00+05:00,2026-02-10_488f7a84,False,2026-02-12T08:00,2,2,0.0581,0.0081,0.3327,0.0603,0.0682,0.01,1.96,
2026-02-10,2026-02-10T23:59:00+05:00,2026-02-10_488f7a84,False,2026-02-12T09:00,2,2,0.0269,0.0092,0.2399,0.031,0.0415,0.01,1.9,
2026-02-10,2026-02-10T23:59:00+05:00,2026-02-10_488f7a84,False,2026-02-12T10:00,2,2,0.0101,0.0089,0.2214,0.0203,0.0144,0.01,1.5,
2026-02-10,2026-02-10T23:59:00+05:00,2026-02-10_488f7a84,False,2026-02-12T11:00,2,2,0.0168,0.0093,0.1103,0.0115,0.008,0.0197,2.62,
2026-02-10,2026-02-10T23:59:00+05:00,2026-02-10_488f7a84,False,2026-02-12T12:00,2,2,0.0124,0.009,0.1097,0.0123,0.0101,0.01,1.53,
2026-02-10,2026-02-10T23:59:00+05:00,2026-02-10_488f7a84,False,2026-02-12T13:00,2,2,0.0089,0.0085,0.0747,0.0107,0.0104,0.01,1.22,
2026-02-10,2026-02-10T23:59:00+05:00,2026-02-10_488f7a84,False,2026-02-12T14:00,2,2,0.0095,0.009,0.104,0.0134,0.0111,0.01,1.7,
2026-02-10,2026-02-10T23:59:00+05:00,2026-02-10_488f7a84,False,2026-02-12T15:00,2,2,0.0319,0.0093,0.1229,0.0325,0.0334,0.0153,2.4,
2026-02-10,2026-02-10T23:59:00+05:00,2026-02-10_488f7a84,False,2026-02-12T16:00,2,2,0.112,0.0,0.2696,0.1013,0.098,0.0292,3.0,
2026-02-10,2026-02-10T23:59:00+05:00,2026-02-10_488f7a84,False,2026-02-12T17:00,2,3,0.3624,0.0158,0.787,0.3374,0.3383,0.158,5.32,
2026-02-10,2026-02-10T23:59:00+05:00,2026-02-10_488f7a84,False,2026-02-12T18:00,2,3,0.3751,0.0115,0.7655,0.3825,0.383,0.1436,5.16,
2026-02-10,2026-02-10T23:59:00+05:00,2026-02-10_488f7a84,False,2026-02-12T19:00,2,3,0.2035,0.0116,0.5408,0.2186,0.2392,0.0501,3.54,
2026-02-10,2026-02-10T23:59:00+05:00,2026-02-10_488f7a84,False,2026-02-12T20:00,2,3,0.0819,0.0115,0.4264,0.1062,0.0967,0.012,2.15,
2026-02-10,2026-02-10T23:59:00+05:00,2026-02-10_488f7a84,False,2026-02-12T21:00,2,3,0.0947,0.0008,0.3837,0.1011,0.1065,0.038,3.23,
2026-02-10,2026-02-10T23:59:00+05:00,2026-02-10_488f7a84,False,2026-02-12T22:00,2,3,0.1068,0.0002,0.3543,0.0895,0.092,0.0234,2.77,
2026-02-10,2026-02-10T23:59:00+05:00,2026-02-10_488f7a84,False,2026-02-12T23:00,2,3,0.0241,0.0094,0.226,0.0252,0.0295,0.0165,2.49,
2026-02-11,2026-02-11T23:59:00+05:00,2026-02-11_b528ea4c,False,2026-02-12T00:00,1,1,0.6021,0.1413,0.9489,0.589,0.5638,0.33,6.78,
2026-02-11,2026-02-11T23:59:00+05:00,2026-02-11_b528ea4c,False,2026-02-12T01:00,1,1,0.6008,0.1172,0.975,0.6069,0.6396,0.3608,7.0,
2026-02-11,2026-02-11T23:59:00+05:00,2026-02-11_b528ea4c,False,2026-02-12T02:00,1,1,0.5206,0.1051,0.974,0.5284,0.4975,0.393,7.2,
2026-02-11,2026-02-11T23:59:00+05:00,2026-02-11_b528ea4c,False,2026-02-12T03:00,1,1,0.5121,0.0876,0.9434,0.4655,0.5394,0.2895,6.49,
2026-02-11,2026-02-11T23:59:00+05:00,2026-02-11_b528ea4c,False,2026-02-12T04:00,1,1,0.3937,0.066,0.8162,0.3707,0.3881,0.2448,6.15,
2026-02-11,2026-02-11T23:59:00+05:00,2026-02-11_b528ea4c,False,2026-02-12T05:00,1,1,0.0892,0.0028,0.4437,0.1156,0.1031,0.1196,4.84,
2026-02-11,2026-02-11T23:59:00+05:00,2026-02-11_b528ea4c,False,2026-02-12T06:00,1,1,0.0475,0.0031,0.3418,0.0647,0.0726,0.0247,2.82,
2026-02-11,2026-02-11T23:59:00+05:00,2026-02-11_b528ea4c,False,2026-02-12T07:00,1,1,0.0291,0.0093,0.1461,0.0227,0.0147,0.0149,2.37,
2026-02-11,2026-02-11T23:59:00+05:00,2026-02-11_b528ea4c,False,2026-02-12T08:00,1,1,0.0092,0.0088,0.1155,0.0116,0.0124,0.0113,2.1,
2026-02-11,2026-02-11T23:59:00+05:00,2026-02-11_b528ea4c,False,2026-02-12T09:00,1,1,0.0134,0.0091,0.0524,0.0094,0.0132,0.01,1.99,
2026-02-11,2026-02-11T23:59:00+05:00,2026-02-11_b528ea4c,False,2026-02-12T10:00,1,1,0.0,0.0,0.0348,0.0066,0.0093,0.0242,2.8,
2026-02-11,2026-02-11T23:59:00+05:00,2026-02-11_b528ea4c,False,2026-02-12T11:00,1,1,0.0372,0.0,0.3419,0.053,0.0569,0.01,1.87,
2026-02-11,2026-02-11T23:59:00+05:00,2026-02-11_b528ea4c,False,2026-02-12T12:00,1,1,0.0692,0.0065,0.4406,0.1007,0.0936,0.0232,2.76,
2026-02-11,2026-02-11T23:59:00+05:00,2026-02-11_b528ea4c,False,2026-02-12T13:00,1,1,0.0725,0.0052,0.4191,0.1039,0.0931,0.0239,2.79,
2026-02-11,2026-02-11T23:59:00+05:00,2026-02-11_b528ea4c,False,2026-02-12T14:00,1,1,0.0675,0.0031,0.3775,0.0821,0.0973,0.0109,2.07,
2026-02-11,2026-02-11T23:59:00+05:00,2026-02-11_b528ea4c,False,2026-02-12T15:00,1,1,0.05,0.013,0.3482,0.0416,0.0535,0.01,1.35,
2026-02-11,2026-02-11T23:59:00+05:00,2026-02-11_b528ea4c,False,2026-02-12T16:00,1,1,0.1041,0.0066,0.4174,0.0914,0.0864,0.01,1.79,
2026-02-11,2026-02-11T23:59:00+05:00,2026-02-11_b528ea4c,False,2026-02-12T17:00,1,2,0.1543,0.0009,0.4153,0.1176,0.1343,0.1634,5.38,
2026-02-11,2026-02-11T23:59:00+05:00,2026-02-11_b528ea4c,False,2026-02-12T18:00,1,2,0.1315,0.0092,0.4017,0.1351,0.1347,0.1607,5.35,
2026-02-11,2026-02-11T23:59:00+05:00,2026-02-11_b528ea4c,False,2026-02-12T19:00,1,2,0.1527,0.0026,0.5127,0.1553,0.1436,0.1262,4.95,
2026-02-11,2026-02-11T23:59:00+05:00,2026-02-11_b528ea4c,False,2026-02-12T20:00,1,2,0.1989,0.0222,0.5355,0.2089,0.2212,0.051,3.56,
2026-02-11,2026-02-11T23:59:00+05:00,2026-02-11_b528ea4c,False,2026-02-12T21:00,1,2,0.275,0.0225,0.705,0.2462,0.283,0.043,3.36,
2026-02-11,2026-02-11T23:59:00+05:00,2026-02-11_b528ea4c,False,2026-02-12T22:00,1,2,0.1901,0.0193,0.8065,0.1987,0.2142,0.01,1.92,
2026-02-11,2026-02-11T23:59:00+05:00,2026-02-11_b528ea4c,False,2026-02-12T23:00,1,2,0.1004,0.013,0.589,0.1433,0.1252,0.01,1.92,
2026-02-11,2026-02-11T23:59:00+05:00,2026-02-11_b528ea4c,False,2026-02-13T00:00,2,2,0.0677,0.0,0.4818,0.0798,0.0417,0.0159,2.44,
2026-02-11,2026-02-11T23:59:00+05:00,2026-02-11_b528ea4c,False,2026-02-13T01:00,2,2,0.0767,0.0,0.3965,0.055,0.0326,0.0237,2.78,
2026-02-11,2026-02-11T23:59:00+05:00,2026-02-11_b528ea4c,False,2026-02-13T02:00,2,2,0.031,0.0,0.2733,0.0173,0.0115,0.014,2.3,
2026-02-11,2026-02-11T23:59:00+05:00,2026-02-11_b528ea4c,False,2026-02-13T03:00,2,2,0.0087,0.0083,0.2155,0.0056,0.017,0.01,1.59,
2026-02-11,2026-02-11T23:59:00+05:00,2026-02-11_b528ea4c,False,2026-02-13T04:00,2,2,0.0122,0.0089,0.1616,0.0092,0.0196,0.01,0.87,
2026-02-11,2026-02-11T23:59:00+05:00,2026-02-11_b528ea4c,False,2026-02-13T05:00,2,2,0.0129,0.0089,0.152,0.0061,0.0115,0.0179,2.55,
2026-02-11,2026-02-11T23:59:00+05:00,2026-02-11_b528ea4c,False,2026-02-13T06:00,2,2,0.0101,0.0091,0.1297,0.0049,0.0145,0.0163,2.47,
2026-02-11,2026-02-11T23:59:00+05:00,2026-02-11_b528ea4c,False,2026-02-13T07:00,2,2,0.0125,0.0093,0.0875,0.009,0.0144,0.01,1.83,
2026-02-11,2026-02-11T23:59:00+05:00,2026-02-11_b528ea4c,False,2026-02-13T08:00,2,2,0.0117,0.0092,0.082,0.0153,0.0135,0.0125,2.19,
2026-02-11,2026-02-11T23:59:00+05:00,2026-02-11_b528ea4c,False,2026-02-13T09:00,2,2,0.0116,0.009,0.0943,0.0129,0.0164,0.0264,2.89,
2026-02-11,2026-02-11T23:59:00+05:00,2026-02-11_b528ea4c,False,2026-02-13T10:00,2,2,0.0116,0.0082,0.109,0.0128,0.0164,0.0103,2.02,
2026-02-11,2026-02-11T23:59:00+05:00,2026-02-11_b528ea4c,False,2026-02-13T11:00,2,2,0.0,0.0,0.0944,0.0008,0.0043,0.0164,2.48,
2026-02-11,2026-02-11T23:59:00+05:00,2026-02-11_b528ea4c,False,2026-02-13T12:00,2,2,0.0021,0.0017,0.1078,0.0097,0.0049,0.01,1.1,
2026-02-11,2026-02-11T23:59:00+05:00,2026-02-11_b528ea4c,False,2026-02-13T13:00,2,2,0.0038,0.0034,0.11,0.0082,0.0107,0.01,1.95,
2026-02-11,2026-02-11T23:59:00+05:00,2026-02-11_b528ea4c,False,2026-02-13T14:00,2,2,0.014,0.0091,0.0558,0.0101,0.0132,0.01,1.95,
2026-02-11,2026-02-11T23:59:00+05:00,2026-02-11_b528ea4c,False,2026-02-13T15:00,2,2,0.013,0.0089,0.0839,0.011,0.0139,0.01,1.24,
2026-02-11,2026-02-11T23:59:00+05:00,2026-02-11_b528ea4c,False,2026-02-13T16:00,2,2,0.015,0.009,0.137,0.0249,0.0197,0.0137,2.28,
2026-02-11,2026-02-11T23:59:00+05:00,2026-02-11_b528ea4c,False,2026-02-13T17:00,2,3,0.0393,0.01,0.2293,0.028,0.0385,0.0249,2.83,
2026-02-11,2026-02-11T23:59:00+05:00,2026-02-11_b528ea4c,False,2026-02-13T18:00,2,3,0.0256,0.0103,0.1898,0.0375,0.0295,0.0136,2.27,
2026-02-11,2026-02-11T23:59:00+05:00,2026-02-11_b528ea4c,False,2026-02-13T19:00,2,3,0.0153,0.009,0.1432,0.0223,0.0173,0.01,1.22,
2026-02-11,2026-02-11T23:59:00+05:00,2026-02-11_b528ea4c,False,2026-02-13T20:00,2,3,0.016,0.0088,0.1949,0.0173,0.0159,0.0197,2.62,
2026-02-11,2026-02-11T23:59:00+05:00,2026-02-11_b528ea4c,False,2026-02-13T21:00,2,3,0.0426,0.0011,0.3463,0.0466,0.0334,0.1112,4.7,
2026-02-11,2026-02-11T23:59:00+05:00,2026-02-11_b528ea4c,False,2026-02-13T22:00,2,3,0.1763,0.0061,0.6074,0.1752,0.1673,0.2936,6.52,
2026-02-11,2026-02-11T23:59:00+05:00,2026-02-11_b528ea4c,False,2026-02-13T23:00,2,3,0.3003,0.0178,0.832,0.2188,0.2678,0.351,6.93,
2026-02-12,2026-02-12T23:59:00+05:00,2026-02-12_b1225abb,False,2026-02-13T00:00,1,1,0.0156,0.009,0.1115,0.0105,0.01,0.0123,2.17,
2026-02-12,2026-02-12T23:59:00+05:00,2026-02-12_b1225abb,False,2026-02-13T01:00,1,1,0.0169,0.0091,0.085,0.0084,0.0063,0.0167,2.5,
2026-02-12,2026-02-12T23:59:00+05:00,2026-02-12_b1225abb,False,2026-02-13T02:00,1,1,0.0157,0.009,0.0544,0.0101,0.0109,0.01,0.72,
2026-02-12,2026-02-12T23:59:00+05:00,2026-02-12_b1225abb,False,2026-02-13T03:00,1,1,0.0175,0.0091,0.0514,0.0113,0.0109,0.01,1.09,
2026-02-12,2026-02-12T23:59:00+05:00,2026-02-12_b1225abb,False,2026-02-13T04:00,1,1,0.0105,0.0089,0.0503,0.0115,0.0108,0.01,1.31,
2026-02-12,2026-02-12T23:59:00+05:00,2026-02-12_b1225abb,False,2026-02-13T05:00,1,1,0.0089,0.0085,0.054,0.013,0.0137,0.01,1.46,
2026-02-12,2026-02-12T23:59:00+05:00,2026-02-12_b1225abb,False,2026-02-13T06:00,1,1,0.0085,0.0081,0.0456,0.0076,0.0122,0.0172,2.52,
2026-02-12,2026-02-12T23:59:00+05:00,2026-02-12_b1225abb,False,2026-02-13T07:00,1,1,0.0142,0.0095,0.051,0.0123,0.0169,0.01,1.28,
2026-02-12,2026-02-12T23:59:00+05:00,2026-02-12_b1225abb,False,2026-02-13T08:00,1,1,0.0123,0.0097,0.0448,0.0136,0.0198,0.01,0.83,
2026-02-12,2026-02-12T23:59:00+05:00,2026-02-12_b1225abb,False,2026-02-13T09:00,1,1,0.0116,0.0095,0.0183,0.008,0.0216,0.01,1.2,
2026-02-12,2026-02-12T23:59:00+05:00,2026-02-12_b1225abb,False,2026-02-13T10:00,1,1,0.0096,0.0092,0.1341,0.0078,0.0133,0.01,1.75,
2026-02-12,2026-02-12T23:59:00+05:00,2026-02-12_b1225abb,False,2026-02-13T11:00,1,1,0.0137,0.0092,0.1155,0.0072,0.0133,0.01,1.5,
2026-02-12,2026-02-12T23:59:00+05:00,2026-02-12_b1225abb,False,2026-02-13T12:00,1,1,0.0124,0.0087,0.1058,0.0105,0.0161,0.01,1.9,
2026-02-12,2026-02-12T23:59:00+05:00,2026-02-12_b1225abb,False,2026-02-13T13:00,1,1,0.0162,0.0093,0.0857,0.0145,0.0158,0.0449,3.41,
2026-02-12,2026-02-12T23:59:00+05:00,2026-02-12_b1225abb,False,2026-02-13T14:00,1,1,0.013,0.0089,0.1244,0.0147,0.0109,0.0376,3.22,
2026-02-12,2026-02-12T23:59:00+05:00,2026-02-12_b1225abb,False,2026-02-13T15:00,1,1,0.0156,0.0088,0.1405,0.0152,0.0142,0.0272,2.92,
2026-02-12,2026-02-12T23:59:00+05:00,2026-02-12_b1225abb,False,2026-02-13T16:00,1,1,0.0165,0.0094,0.1905,0.016,0.0172,0.0287,2.98,
2026-02-12,2026-02-12T23:59:00+05:00,2026-02-12_b1225abb,False,2026-02-13T17:00,1,2,0.0311,0.0092,0.2383,0.0188,0.0163,0.0793,4.15,
2026-02-12,2026-02-12T23:59:00+05:00,2026-02-12_b1225abb,False,2026-02-13T18:00,1,2,0.019,0.009,0.3417,0.0262,0.0167,0.1319,5.03,
2026-02-12,2026-02-12T23:59:00+05:00,2026-02-12_b1225abb,False,2026-02-13T19:00,1,2,0.0472,0.0107,0.4435,0.0528,0.0388,0.1427,5.15,
2026-02-12,2026-02-12T23:59:00+05:00,2026-02-12_b1225abb,False,2026-02-13T20:00,1,2,0.1453,0.001,0.5167,0.1656,0.1118,0.2118,5.87,
2026-02-12,2026-02-12T23:59:00+05:00,2026-02-12_b1225abb,False,2026-02-13T21:00,1,2,0.2379,0.021,0.6805,0.2558,0.2051,0.2303,6.04,
2026-02-12,2026-02-12T23:59:00+05:00,2026-02-12_b1225abb,False,2026-02-13T22:00,1,2,0.3347,0.0404,0.7706,0.2874,0.3103,0.2964,6.54,
2026-02-12,2026-02-12T23:59:00+05:00,2026-02-12_b1225abb,False,2026-02-13T23:00,1,2,0.3926,0.131,0.9726,0.4144,0.3648,0.3104,6.64,
2026-02-12,2026-02-12T23:59:00+05:00,2026-02-12_b1225abb,False,2026-02-14T00:00,2,2,0.5098,0.1929,0.9648,0.4942,0.4772,0.3962,7.22,
2026-02-12,2026-02-12T23:59:00+05:00,2026-02-12_b1225abb,False,2026-02-14T01:00,2,2,0.5445,0.2895,0.9648,0.5102,0.4999,0.3594,6.99,
2026-02-12,2026-02-12T23:59:00+05:00,2026-02-12_b1225abb,False,2026-02-14T02:00,2,2,0.5505,0.2635,0.9669,0.5362,0.5036,0.3258,6.75,
2026-02-12,2026-02-12T23:59:00+05:00,2026-02-12_b1225abb,False,2026-02-14T03:00,2,2,0.5225,0.2365,0.962,0.5559,0.4802,0.2632,6.29,
2026-02-12,2026-02-12T23:59:00+05:00,2026-02-12_b1225abb,False,2026-02-14T04:00,2,2,0.6362,0.1947,0.9495,0.6875,0.5472,0.1268,4.96,
2026-02-12,2026-02-12T23:59:00+05:00,2026-02-12_b1225abb,False,2026-02-14T05:00,2,2,0.5147,0.1174,0.8863,0.5658,0.5413,0.069,3.96,
2026-02-12,2026-02-12T23:59:00+05:00,2026-02-12_b1225abb,False,2026-02-14T06:00,2,2,0.3001,0.0346,0.7628,0.3226,0.3416,0.01,1.86,
2026-02-12,2026-02-12T23:59:00+05:00,2026-02-12_b1225abb,False,2026-02-14T07:00,2,2,0.1372,0.0015,0.6439,0.1245,0.1268,0.01,1.71,
2026-02-12,2026-02-12T23:59:00+05:00,2026-02-12_b1225abb,False,2026-02-14T08:00,2,2,0.1466,0.0,0.5484,0.1289,0.1249,0.0136,2.27,
2026-02-12,2026-02-12T23:59:00+05:00,2026-02-12_b1225abb,False,2026-02-14T09:00,2,2,0.139,0.0,0.5069,0.0929,0.1006,0.01,1.25,
2026-02-12,2026-02-12T23:59:00+05:00,2026-02-12_b1225abb,False,2026-02-14T10:00,2,2,0.0894,0.0,0.4686,0.081,0.0892,0.01,0.67,
2026-02-12,2026-02-12T23:59:00+05:00,2026-02-12_b1225abb,False,2026-02-14T11:00,2,2,0.1503,0.0041,0.5895,0.1563,0.1488,0.01,1.18,
2026-02-12,2026-02-12T23:59:00+05:00,2026-02-12_b1225abb,False,2026-02-14T12:00,2,2,0.0738,0.0,0.5076,0.0806,0.0865,0.01,1.56,
2026-02-12,2026-02-12T23:59:00+05:00,2026-02-12_b1225abb,False,2026-02-14T13:00,2,2,0.1178,0.002,0.4375,0.1028,0.1072,0.033,3.1,
2026-02-12,2026-02-12T23:59:00+05:00,2026-02-12_b1225abb,False,2026-02-14T14:00,2,2,0.1408,0.0,0.4085,0.1527,0.1357,0.0605,3.77,
2026-02-12,2026-02-12T23:59:00+05:00,2026-02-12_b1225abb,False,2026-02-14T15:00,2,2,0.1053,0.0044,0.3156,0.0866,0.1017,0.0399,3.28,
2026-02-12,2026-02-12T23:59:00+05:00,2026-02-12_b1225abb,False,2026-02-14T16:00,2,2,0.2268,0.002,0.5182,0.2037,0.2208,0.0506,3.55,
2026-02-12,2026-02-12T23:59:00+05:00,2026-02-12_b1225abb,False,2026-02-14T17:00,2,3,0.077,0.0098,0.4586,0.1355,0.0955,0.0411,3.31,
2026-02-12,2026-02-12T23:59:00+05:00,2026-02-12_b1225abb,False,2026-02-14T18:00,2,3,0.0409,0.013,0.2587,0.0394,0.0365,0.01,1.74,
2026-02-12,2026-02-12T23:59:00+05:00,2026-02-12_b1225abb,False,2026-02-14T19:00,2,3,0.0701,0.0,0.2976,0.0741,0.0759,0.033,3.1,
2026-02-12,2026-02-12T23:59:00+05:00,2026-02-12_b1225abb,False,2026-02-14T20:00,2,3,0.1844,0.0,0.5395,0.1694,0.1525,0.1472,5.2,
2026-02-12,2026-02-12T23:59:00+05:00,2026-02-12_b1225abb,False,2026-02-14T21:00,2,3,0.1634,0.0,0.5138,0.155,0.129,0.1864,5.62,
2026-02-12,2026-02-12T23:59:00+05:00,2026-02-12_b1225abb,False,2026-02-14T22:00,2,3,0.0616,0.0,0.4056,0.0568,0.0388,0.0754,4.08,
2026-02-12,2026-02-12T23:59:00+05:00,2026-02-12_b1225abb,False,2026-02-14T23:00,2,3,0.0608,0.0042,0.3704,0.0505,0.0365,0.046,3.44,
2026-02-13,2026-02-13T23:59:00+05:00,2026-02-13_952958f8,False,2026-02-14T00:00,1,1,0.5937,0.239,0.9814,0.5405,0.5258,0.4155,7.34,
2026-02-13,2026-02-13T23:59:00+05:00,2026-02-13_952958f8,False,2026-02-14T01:00,1,1,0.5746,0.3076,0.9902,0.5539,0.5277,0.4472,7.54,
2026-02-13,2026-02-13T23:59:00+05:00,2026-02-13_952958f8,False,2026-02-14T02:00,1,1,0.6622,0.2873,0.9964,0.7037,0.6271,0.4236,7.39,
2026-02-13,2026-02-13T23:59:00+05:00,2026-02-13_952958f8,False,2026-02-14T03:00,1,1,0.6686,0.3335,0.9973,0.7275,0.6662,0.438,7.48,
2026-02-13,2026-02-13T23:59:00+05:00,2026-02-13_952958f8,False,2026-02-14T04:00,1,1,0.642,0.2795,0.9884,0.6845,0.5832,0.385,7.15,
2026-02-13,2026-02-13T23:59:00+05:00,2026-02-13_952958f8,False,2026-02-14T05:00,1,1,0.2932,0.0715,0.7905,0.2994,0.2629,0.3244,6.74,
2026-02-13,2026-02-13T23:59:00+05:00,2026-02-13_952958f8,False,2026-02-14T06:00,1,1,0.1604,0.0278,0.6858,0.1783,0.1421,0.2047,5.8,
2026-02-13,2026-02-13T23:59:00+05:00,2026-02-13_952958f8,False,2026-02-14T07:00,1,1,0.1189,0.0097,0.4915,0.1231,0.0798,0.0596,3.75,
2026-02-13,2026-02-13T23:59:00+05:00,2026-02-13_952958f8,False,2026-02-14T08:00,1,1,0.0904,0.0022,0.4314,0.1213,0.0929,0.0609,3.78,
2026-02-13,2026-02-13T23:59:00+05:00,2026-02-13_952958f8,False,2026-02-14T09:00,1,1,0.0615,0.0004,0.218,0.0698,0.0528,0.0247,2.82,
2026-02-13,2026-02-13T23:59:00+05:00,2026-02-13_952958f8,False,2026-02-14T10:00,1,1,0.0421,0.009,0.1456,0.04,0.0312,0.01,1.63,
2026-02-13,2026-02-13T23:59:00+05:00,2026-02-13_952958f8,False,2026-02-14T11:00,1,1,0.0604,0.001,0.3684,0.0623,0.0676,0.01,1.98,
2026-02-13,2026-02-13T23:59:00+05:00,2026-02-13_952958f8,False,2026-02-14T12:00,1,1,0.0162,0.0098,0.123,0.0184,0.0168,0.01,1.46,
2026-02-13,2026-02-13T23:59:00+05:00,2026-02-13_952958f8,False,2026-02-14T13:00,1,1,0.0199,0.0107,0.136,0.0205,0.0232,0.01,1.38,
2026-02-13,2026-02-13T23:59:00+05:00,2026-02-13_952958f8,False,2026-02-14T14:00,1,1,0.0682,0.0064,0.1735,0.0827,0.0485,0.0349,3.15,
2026-02-13,2026-02-13T23:59:00+05:00,2026-02-13_952958f8,False,2026-02-14T15:00,1,1,0.0499,0.0051,0.1716,0.044,0.0471,0.01,0.89,
2026-02-13,2026-02-13T23:59:00+05:00,2026-02-13_952958f8,False,2026-02-14T16:00,1,1,0.0131,0.0036,0.0975,0.0162,0.0153,0.01,0.97,
2026-02-13,2026-02-13T23:59:00+05:00,2026-02-13_952958f8,False,2026-02-14T17:00,1,2,0.3294,0.0146,0.7556,0.3681,0.3621,0.1535,5.27,
2026-02-13,2026-02-13T23:59:00+05:00,2026-02-13_952958f8,False,2026-02-14T18:00,1,2,0.3962,0.0388,0.762,0.4007,0.38,0.1463,5.19,
2026-02-13,2026-02-13T23:59:00+05:00,2026-02-13_952958f8,False,2026-02-14T19:00,1,2,0.357,0.0132,0.7302,0.3661,0.3328,0.1833,5.59,
2026-02-13,2026-02-13T23:59:00+05:00,2026-02-13_952958f8,False,2026-02-14T20:00,1,2,0.2019,0.0083,0.5348,0.2423,0.1921,0.1445,5.17,
2026-02-13,2026-02-13T23:59:00+05:00,2026-02-13_952958f8,False,2026-02-14T21:00,1,2,0.1756,0.02,0.4259,0.1529,0.1565,0.0907,4.35,
2026-02-13,2026-02-13T23:59:00+05:00,2026-02-13_952958f8,False,2026-02-14T22:00,1,2,0.088,0.0053,0.3015,0.086,0.0911,0.0668,3.91,
2026-02-13,2026-02-13T23:59:00+05:00,2026-02-13_952958f8,False,2026-02-14T23:00,1,2,0.0613,0.0,0.3674,0.0776,0.0635,0.0136,2.27,
2026-02-13,2026-02-13T23:59:00+05:00,2026-02-13_952958f8,False,2026-02-15T00:00,2,2,0.021,0.0097,0.2686,0.019,0.0181,0.01,1.96,
2026-02-13,2026-02-13T23:59:00+05:00,2026-02-13_952958f8,False,2026-02-15T01:00,2,2,0.011,0.0094,0.1089,0.0139,0.0105,0.01,0.67,
2026-02-13,2026-02-13T23:59:00+05:00,2026-02-13_952958f8,False,2026-02-15T02:00,2,2,0.0144,0.0091,0.1634,0.0098,0.0143,0.01,1.89,
2026-02-13,2026-02-13T23:59:00+05:00,2026-02-13_952958f8,False,2026-02-15T03:00,2,2,0.0118,0.0089,0.1248,0.0133,0.0127,0.01,1.17,
2026-02-13,2026-02-13T23:59:00+05:00,2026-02-13_952958f8,False,2026-02-15T04:00,2,2,0.0099,0.0088,0.1377,0.0168,0.0116,0.0284,2.97,
2026-02-13,2026-02-13T23:59:00+05:00,2026-02-13_952958f8,False,2026-02-15T05:00,2,2,0.0512,0.0,0.1444,0.0487,0.0237,0.0632,3.83,
2026-02-13,2026-02-13T23:59:00+05:00,2026-02-13_952958f8,False,2026-02-15T06:00,2,2,0.0943,0.0002,0.265,0.08,0.0455,0.1292,5.0,
2026-02-13,2026-02-13T23:59:00+05:00,2026-02-13_952958f8,False,2026-02-15T07:00,2,2,0.1398,0.0102,0.5713,0.1633,0.1336,0.2138,5.89,
2026-02-13,2026-02-13T23:59:00+05:00,2026-02-13_952958f8,False,2026-02-15T08:00,2,2,0.2919,0.0162,0.7984,0.2997,0.2471,0.302,6.58,
2026-02-13,2026-02-13T23:59:00+05:00,2026-02-13_952958f8,False,2026-02-15T09:00,2,2,0.5158,0.1274,0.9564,0.4751,0.4649,0.3468,6.9,
2026-02-13,2026-02-13T23:59:00+05:00,2026-02-13_952958f8,False,2026-02-15T10:00,2,2,0.7476,0.4367,0.9952,0.7983,0.7717,0.4752,7.73,
2026-02-13,2026-02-13T23:59:00+05:00,2026-02-13_952958f8,False,2026-02-15T11:00,2,2,0.7854,0.5918,1.0,0.8832,0.8381,0.6304,8.77,
2026-02-13,2026-02-13T23:59:00+05:00,2026-02-13_952958f8,False,2026-02-15T12:00,2,2,0.942,0.7042,1.0,0.9243,0.951,0.7563,9.61,
2026-02-13,2026-02-13T23:59:00+05:00,2026-02-13_952958f8,False,2026-02-15T13:00,2,2,0.9702,0.7784,1.0,0.9882,0.9635,0.7901,9.85,
2026-02-13,2026-02-13T23:59:00+05:00,2026-02-13_952958f8,False,2026-02-15T14:00,2,2,0.9613,0.7661,1.0,0.9868,0.9614,0.7521,9.58,
2026-02-13,2026-02-13T23:59:00+05:00,2026-02-13_952958f8,False,2026-02-15T15:00,2,2,1.0,0.666,1.0,1.0,0.9725,0.6246,8.73,
2026-02-13,2026-02-13T23:59:00+05:00,2026-02-13_952958f8,False,2026-02-15T16:00,2,2,0.9148,0.6236,1.0,0.983,0.9084,0.5271,8.08,
2026-02-13,2026-02-13T23:59:00+05:00,2026-02-13_952958f8,False,2026-02-15T17:00,2,3,0.8829,0.3512,1.0,0.8884,0.7966,0.3978,7.23,
2026-02-13,2026-02-13T23:59:00+05:00,2026-02-13_952958f8,False,2026-02-15T18:00,2,3,0.8616,0.2963,1.0,0.8906,0.7955,0.275,6.38,
2026-02-13,2026-02-13T23:59:00+05:00,2026-02-13_952958f8,False,2026-02-15T19:00,2,3,0.8278,0.3225,1.0,0.7758,0.8078,0.2553,6.23,
2026-02-13,2026-02-13T23:59:00+05:00,2026-02-13_952958f8,False,2026-02-15T20:00,2,3,0.8481,0.3175,1.0,0.7813,0.7696,0.3188,6.7,
2026-02-13,2026-02-13T23:59:00+05:00,2026-02-13_952958f8,False,2026-02-15T21:00,2,3,0.8445,0.3908,1.0,0.8007,0.7722,0.3328,6.8,
2026-02-13,2026-02-13T23:59:00+05:00,2026-02-13_952958f8,False,2026-02-15T22:00,2,3,0.7758,0.4978,0.9861,0.764,0.7543,0.3721,7.07,
2026-02-13,2026-02-13T23:59:00+05:00,2026-02-13_952958f8,False,2026-02-15T23:00,2,3,0.7572,0.4893,0.9884,0.7879,0.7171,0.3657,7.03,
2026-02-14,2026-02-14T23:59:00+05:00,2026-02-14_2fc75689,False,2026-02-15T00:00,1,1,0.0192,0.0089,0.1069,0.0109,0.0099,0.01,0.6,
2026-02-14,2026-02-14T23:59:00+05:00,2026-02-14_2fc75689,False,2026-02-15T01:00,1,1,0.0201,0.0089,0.1247,0.0129,0.0099,0.01,1.16,
2026-02-14,2026-02-14T23:59:00+05:00,2026-02-14_2fc75689,False,2026-02-15T02:00,1,1,0.0105,0.0087,0.1106,0.0127,0.0107,0.01,1.32,
2026-02-14,2026-02-14T23:59:00+05:00,2026-02-14_2fc75689,False,2026-02-15T03:00,1,1,0.0108,0.0079,0.0946,0.0116,0.0119,0.0129,2.22,
2026-02-14,2026-02-14T23:59:00+05:00,2026-02-14_2fc75689,False,2026-02-15T04:00,1,1,0.0138,0.0086,0.0974,0.0112,0.0123,0.0551,3.65,
2026-02-14,2026-02-14T23:59:00+05:00,2026-02-14_2fc75689,False,2026-02-15T05:00,1,1,0.0159,0.009,0.0918,0.0086,0.0167,0.0395,3.27,
2026-02-14,2026-02-14T23:59:00+05:00,2026-02-14_2fc75689,False,2026-02-15T06:00,1,1,0.0911,0.0042,0.2895,0.1035,0.0943,0.1571,5.31,
2026-02-14,2026-02-14T23:59:00+05:00,2026-02-14_2fc75689,False,2026-02-15T07:00,1,1,0.1378,0.0152,0.5557,0.1465,0.175,0.1706,5.46,
2026-02-14,2026-02-14T23:59:00+05:00,2026-02-14_2fc75689,False,2026-02-15T08:00,1,1,0.283,0.029,0.8598,0.3014,0.2125,0.3174,6.69,
2026-02-14,2026-02-14T23:59:00+05:00,2026-02-14_2fc75689,False,2026-02-15T09:00,1,1,0.5295,0.1538,0.9696,0.5551,0.5287,0.4472,7.54,
2026-02-14,2026-02-14T23:59:00+05:00,2026-02-14_2fc75689,False,2026-02-15T10:00,1,1,0.685,0.3283,0.9964,0.7917,0.7155,0.4781,7.75,
2026-02-14,2026-02-14T23:59:00+05:00,2026-02-14_2fc75689,False,2026-02-15T11:00,1,1,0.9575,0.5722,1.0,0.9448,0.9111,0.6099,8.63,
2026-02-14,2026-02-14T23:59:00+05:00,2026-02-14_2fc75689,False,2026-02-15T12:00,1,1,0.9605,0.7598,1.0,0.98,0.9656,0.7774,9.76,
2026-02-14,2026-02-14T23:59:00+05:00,2026-02-14_2fc75689,False,2026-02-15T13:00,1,1,0.9585,0.7736,1.0,0.9758,0.9738,0.7662,9.68,
2026-02-14,2026-02-14T23:59:00+05:00,2026-02-14_2fc75689,False,2026-02-15T14:00,1,1,0.9967,0.7272,1.0,0.9886,0.9743,0.651,8.91,
2026-02-14,2026-02-14T23:59:00+05:00,2026-02-14_2fc75689,False,2026-02-15T15:00,1,1,0.9562,0.6382,1.0,0.9421,0.9979,0.559,8.29,
2026-02-14,2026-02-14T23:59:00+05:00,2026-02-14_2fc75689,False,2026-02-15T16:00,1,1,0.9104,0.5318,1.0,0.9809,0.9242,0.5408,8.17,
2026-02-14,2026-02-14T23:59:00+05:00,2026-02-14_2fc75689,False,2026-02-15T17:00,1,2,0.8824,0.5333,1.0,0.924,0.9405,0.5711,8.37,
2026-02-14,2026-02-14T23:59:00+05:00,2026-02-14_2fc75689,False,2026-02-15T18:00,1,2,0.8737,0.5378,1.0,0.8652,0.8925,0.5499,8.23,
2026-02-14,2026-02-14T23:59:00+05:00,2026-02-14_2fc75689,False,2026-02-15T19:00,1,2,0.8689,0.5598,1.0,0.8508,0.916,0.5742,8.39,
2026-02-14,2026-02-14T23:59:00+05:00,2026-02-14_2fc75689,False,2026-02-15T20:00,1,2,0.8626,0.5081,1.0,0.8453,0.8762,0.5484,8.22,
2026-02-14,2026-02-14T23:59:00+05:00,2026-02-14_2fc75689,False,2026-02-15T21:00,1,2,0.8731,0.5111,1.0,0.8152,0.8687,0.5332,8.12,
2026-02-14,2026-02-14T23:59:00+05:00,2026-02-14_2fc75689,False,2026-02-15T22:00,1,2,0.7812,0.5089,1.0,0.7703,0.8264,0.4619,7.64,
2026-02-14,2026-02-14T23:59:00+05:00,2026-02-14_2fc75689,False,2026-02-15T23:00,1,2,0.748,0.3223,0.9928,0.777,0.6052,0.3216,6.72,
2026-02-14,2026-02-14T23:59:00+05:00,2026-02-14_2fc75689,False,2026-02-16T00:00,2,2,0.7077,0.3038,0.9795,0.6728,0.5705,0.316,6.68,
2026-02-14,2026-02-14T23:59:00+05:00,2026-02-14_2fc75689,False,2026-02-16T01:00,2,2,0.6602,0.3105,0.9855,0.6159,0.6247,0.3286,6.77,
2026-02-14,2026-02-14T23:59:00+05:00,2026-02-14_2fc75689,False,2026-02-16T02:00,2,2,0.6603,0.261,0.9856,0.6207,0.5379,0.3062,6.61,
2026-02-14,2026-02-14T23:59:00+05:00,2026-02-14_2fc75689,False,2026-02-16T03:00,2,2,0.4511,0.1508,0.966,0.4257,0.4695,0.254,6.22,
2026-02-14,2026-02-14T23:59:00+05:00,2026-02-14_2fc75689,False,2026-02-16T04:00,2,2,0.4146,0.0694,0.8999,0.4291,0.3759,0.2199,5.95,
2026-02-14,2026-02-14T23:59:00+05:00,2026-02-14_2fc75689,False,2026-02-16T05:00,2,2,0.5018,0.1119,0.9416,0.5197,0.5123,0.2057,5.81,
2026-02-14,2026-02-14T23:59:00+05:00,2026-02-14_2fc75689,False,2026-02-16T06:00,2,2,0.3179,0.0493,0.8821,0.3867,0.3446,0.1894,5.65,
2026-02-14,2026-02-14T23:59:00+05:00,2026-02-14_2fc75689,False,2026-02-16T07:00,2,2,0.2882,0.0899,0.9048,0.302,0.2844,0.2592,6.26,
2026-02-14,2026-02-14T23:59:00+05:00,2026-02-14_2fc75689,False,2026-02-16T08:00,2,2,0.252,0.0481,0.8896,0.2865,0.317,0.3286,6.77,
2026-02-14,2026-02-14T23:59:00+05:00,2026-02-14_2fc75689,False,2026-02-16T09:00,2,2,0.5434,0.1,0.9651,0.5589,0.5668,0.3769,7.1,
2026-02-14,2026-02-14T23:59:00+05:00,2026-02-14_2fc75689,False,2026-02-16T10:00,2,2,0.4986,0.0794,0.9567,0.3724,0.4895,0.2006,5.76,
2026-02-14,2026-02-14T23:59:00+05:00,2026-02-14_2fc75689,False,2026-02-16T11:00,2,2,0.5656,0.1414,0.9617,0.4733,0.6094,0.2461,6.16,
2026-02-14,2026-02-14T23:59:00+05:00,2026-02-14_2fc75689,False,2026-02-16T12:00,2,2,0.5336,0.1314,0.9478,0.5023,0.5938,0.1884,5.64,
2026-02-14,2026-02-14T23:59:00+05:00,2026-02-14_2fc75689,False,2026-02-16T13:00,2,2,0.4181,0.0683,0.8789,0.4082,0.4058,0.11,4.68,
2026-02-14,2026-02-14T23:59:00+05:00,2026-02-14_2fc75689,False,2026-02-16T14:00,2,2,0.3919,0.043,0.8448,0.467,0.4958,0.1616,5.36,
2026-02-14,2026-02-14T23:59:00+05:00,2026-02-14_2fc75689,False,2026-02-16T15:00,2,2,0.7184,0.229,0.944,0.6691,0.7267,0.1535,5.27,
2026-02-14,2026-02-14T23:59:00+05:00,2026-02-14_2fc75689,False,2026-02-16T16:00,2,2,0.7218,0.271,0.9948,0.668,0.6261,0.2434,6.14,
2026-02-14,2026-02-14T23:59:00+05:00,2026-02-14_2fc75689,False,2026-02-16T17:00,2,3,0.735,0.243,1.0,0.6763,0.6412,0.3978,7.23,
2026-02-14,2026-02-14T23:59:00+05:00,2026-02-14_2fc75689,False,2026-02-16T18:00,2,3,0.69,0.1501,0.988,0.6569,0.6308,0.3104,6.64,
2026-02-14,2026-02-14T23:59:00+05:00,2026-02-14_2fc75689,False,2026-02-16T19:00,2,3,0.6895,0.1464,0.9823,0.7041,0.6409,0.2395,6.11,
2026-02-14,2026-02-14T23:59:00+05:00,2026-02-14_2fc75689,False,2026-02-16T20:00,2,3,0.5864,0.1372,1.0,0.6101,0.5606,0.2711,6.35,
2026-02-14,2026-02-14T23:59:00+05:00,2026-02-14_2fc75689,False,2026-02-16T21:00,2,3,0.6472,0.1517,1.0,0.6333,0.6078,0.3104,6.64,
2026-02-14,2026-02-14T23:59:00+05:00,2026-02-14_2fc75689,False,2026-02-16T22:00,2,3,0.5121,0.1783,1.0,0.5945,0.5405,0.364,7.02,
2026-02-14,2026-02-14T23:59:00+05:00,2026-02-14_2fc75689,False,2026-02-16T23:00,2,3,0.4895,0.1574,0.9996,0.5059,0.3981,0.4043,7.27,
2026-02-15,2026-02-15T23:59:00+05:00,2026-02-15_d8b34102,False,2026-02-16T00:00,1,1,0.36,0.0853,0.8588,0.405,0.3269,0.1526,5.26,
2026-02-15,2026-02-15T23:59:00+05:00,2026-02-15_d8b34102,False,2026-02-16T01:00,1,1,0.3725,0.1004,0.9239,0.3577,0.3224,0.2209,5.96,
2026-02-15,2026-02-15T23:59:00+05:00,2026-02-15_d8b34102,False,2026-02-16T02:00,1,1,0.4889,0.1194,0.9503,0.4043,0.411,0.2487,6.18,
2026-02-15,2026-02-15T23:59:00+05:00,2026-02-15_d8b34102,False,2026-02-16T03:00,1,1,0.4018,0.0672,0.9459,0.4395,0.387,0.2816,6.43,
2026-02-15,2026-02-15T23:59:00+05:00,2026-02-15_d8b34102,False,2026-02-16T04:00,1,1,0.4329,0.1082,0.9496,0.4801,0.3993,0.3062,6.61,
2026-02-15,2026-02-15T23:59:00+05:00,2026-02-15_d8b34102,False,2026-02-16T05:00,1,1,0.5739,0.1444,0.972,0.5846,0.518,0.3174,6.69,
2026-02-15,2026-02-15T23:59:00+05:00,2026-02-15_d8b34102,False,2026-02-16T06:00,1,1,0.4477,0.1337,0.972,0.5268,0.4067,0.3342,6.81,
2026-02-15,2026-02-15T23:59:00+05:00,2026-02-15_d8b34102,False,2026-02-16T07:00,1,1,0.5245,0.138,0.9559,0.6012,0.49,0.344,6.88,
2026-02-15,2026-02-15T23:59:00+05:00,2026-02-15_d8b34102,False,2026-02-16T08:00,1,1,0.447,0.0909,0.9513,0.4491,0.4959,0.2922,6.51,
2026-02-15,2026-02-15T23:59:00+05:00,2026-02-15_d8b34102,False,2026-02-16T09:00,1,1,0.4526,0.1176,0.9609,0.4916,0.4846,0.3737,7.08,
2026-02-15,2026-02-15T23:59:00+05:00,2026-02-15_d8b34102,False,2026-02-16T10:00,1,1,0.4145,0.093,0.946,0.4826,0.4,0.2087,5.84,
2026-02-15,2026-02-15T23:59:00+05:00,2026-02-15_d8b34102,False,2026-02-16T11:00,1,1,0.6088,0.2893,0.9709,0.548,0.5701,0.3721,7.07,
2026-02-15,2026-02-15T23:59:00+05:00,2026-02-15_d8b34102,False,2026-02-16T12:00,1,1,0.601,0.3179,0.9845,0.558,0.5997,0.4545,7.59,
2026-02-15,2026-02-15T23:59:00+05:00,2026-02-15_d8b34102,False,2026-02-16T13:00,1,1,0.6218,0.3705,0.9794,0.6899,0.5934,0.3962,7.22,
2026-02-15,2026-02-15T23:59:00+05:00,2026-02-15_d8b34102,False,2026-02-16T14:00,1,1,0.6458,0.3359,0.9746,0.689,0.6846,0.3104,6.64,
2026-02-15,2026-02-15T23:59:00+05:00,2026-02-15_d8b34102,False,2026-02-16T15:00,1,1,0.6518,0.2745,0.9639,0.6952,0.6778,0.1762,5.52,
2026-02-15,2026-02-15T23:59:00+05:00,2026-02-15_d8b34102,False,2026-02-16T16:00,1,1,0.6155,0.227,0.9438,0.6573,0.6554,0.1526,5.26,
2026-02-15,2026-02-15T23:59:00+05:00,2026-02-15_d8b34102,False,2026-02-16T17:00,1,2,0.6676,0.2162,1.0,0.6785,0.6236,0.3426,6.87,
2026-02-15,2026-02-15T23:59:00+05:00,2026-02-15_d8b34102,False,2026-02-16T18:00,1,2,0.5815,0.145,1.0,0.6063,0.5386,0.1854,5.61,
2026-02-15,2026-02-15T23:59:00+05:00,2026-02-15_d8b34102,False,2026-02-16T19:00,1,2,0.6623,0.1417,1.0,0.5963,0.6055,0.2685,6.33,
2026-02-15,2026-02-15T23:59:00+05:00,2026-02-15_d8b34102,False,2026-02-16T20:00,1,2,0.7491,0.1944,0.9995,0.6786,0.666,0.351,6.93,
2026-02-15,2026-02-15T23:59:00+05:00,2026-02-15_d8b34102,False,2026-02-16T21:00,1,2,0.7728,0.205,1.0,0.6718,0.7186,0.4139,7.33,
2026-02-15,2026-02-15T23:59:00+05:00,2026-02-15_d8b34102,False,2026-02-16T22:00,1,2,0.5673,0.1696,1.0,0.6118,0.6041,0.3538,6.95,
2026-02-15,2026-02-15T23:59:00+05:00,2026-02-15_d8b34102,False,2026-02-16T23:00,1,2,0.3972,0.1267,0.9548,0.4868,0.3999,0.2724,6.36,
2026-02-15,2026-02-15T23:59:00+05:00,2026-02-15_d8b34102,False,2026-02-17T00:00,2,2,0.4082,0.1244,0.9391,0.4823,0.3989,0.2329,6.06,
2026-02-15,2026-02-15T23:59:00+05:00,2026-02-15_d8b34102,False,2026-02-17T01:00,2,2,0.3971,0.1245,0.9394,0.4868,0.3962,0.254,6.22,
2026-02-15,2026-02-15T23:59:00+05:00,2026-02-15_d8b34102,False,2026-02-17T02:00,2,2,0.3822,0.1162,0.9281,0.4878,0.3794,0.2592,6.26,
2026-02-15,2026-02-15T23:59:00+05:00,2026-02-15_d8b34102,False,2026-02-17T03:00,2,2,0.3602,0.1073,0.9067,0.4538,0.3863,0.2128,5.88,
2026-02-15,2026-02-15T23:59:00+05:00,2026-02-15_d8b34102,False,2026-02-17T04:00,2,2,0.3571,0.0845,0.8711,0.4081,0.3479,0.2342,6.07,
2026-02-15,2026-02-15T23:59:00+05:00,2026-02-15_d8b34102,False,2026-02-17T05:00,2,2,0.1421,0.0,0.5615,0.1855,0.1589,0.1625,5.37,
2026-02-15,2026-02-15T23:59:00+05:00,2026-02-15_d8b34102,False,2026-02-17T06:00,2,2,0.147,0.0019,0.4871,0.1585,0.1231,0.1706,5.46,
2026-02-15,2026-02-15T23:59:00+05:00,2026-02-15_d8b34102,False,2026-02-17T07:00,2,2,0.1182,0.0014,0.4041,0.1245,0.079,0.0878,4.3,
2026-02-15,2026-02-15T23:59:00+05:00,2026-02-15_d8b34102,False,2026-02-17T08:00,2,2,0.0855,0.0017,0.287,0.1033,0.0494,0.0441,3.39,
2026-02-15,2026-02-15T23:59:00+05:00,2026-02-15_d8b34102,False,2026-02-17T09:00,2,2,0.063,0.0007,0.2887,0.0675,0.0361,0.0573,3.7,
2026-02-15,2026-02-15T23:59:00+05:00,2026-02-15_d8b34102,False,2026-02-17T10:00,2,2,0.1245,0.0,0.4838,0.1462,0.118,0.1178,4.81,
2026-02-15,2026-02-15T23:59:00+05:00,2026-02-15_d8b34102,False,2026-02-17T11:00,2,2,0.1441,0.001,0.5845,0.1644,0.1238,0.0596,3.75,
2026-02-15,2026-02-15T23:59:00+05:00,2026-02-15_d8b34102,False,2026-02-17T12:00,2,2,0.183,0.0175,0.6549,0.1929,0.1771,0.101,4.53,
2026-02-15,2026-02-15T23:59:00+05:00,2026-02-15_d8b34102,False,2026-02-17T13:00,2,2,0.1987,0.0259,0.6891,0.2061,0.1807,0.0623,3.81,
2026-02-15,2026-02-15T23:59:00+05:00,2026-02-15_d8b34102,False,2026-02-17T14:00,2,2,0.1897,0.0248,0.7282,0.2303,0.1917,0.1184,4.82,
2026-02-15,2026-02-15T23:59:00+05:00,2026-02-15_d8b34102,False,2026-02-17T15:00,2,2,0.3613,0.0288,0.8053,0.3644,0.3744,0.1688,5.44,
2026-02-15,2026-02-15T23:59:00+05:00,2026-02-15_d8b34102,False,2026-02-17T16:00,2,2,0.5739,0.0798,0.894,0.5812,0.5795,0.1833,5.59,
2026-02-15,2026-02-15T23:59:00+05:00,2026-02-15_d8b34102,False,2026-02-17T17:00,2,3,0.289,0.0271,0.8056,0.3379,0.3734,0.0623,3.81,
2026-02-15,2026-02-15T23:59:00+05:00,2026-02-15_d8b34102,False,2026-02-17T18:00,2,3,0.4267,0.0387,0.8214,0.4111,0.4433,0.1088,4.66,
2026-02-15,2026-02-15T23:59:00+05:00,2026-02-15_d8b34102,False,2026-02-17T19:00,2,3,0.451,0.0369,0.9037,0.4298,0.4547,0.1268,4.96,
2026-02-15,2026-02-15T23:59:00+05:00,2026-02-15_d8b34102,False,2026-02-17T20:00,2,3,0.4846,0.0754,0.9484,0.5348,0.5219,0.1679,5.43,
2026-02-15,2026-02-15T23:59:00+05:00,2026-02-15_d8b34102,False,2026-02-17T21:00,2,3,0.629,0.083,0.9587,0.7257,0.7016,0.2169,5.92,
2026-02-15,2026-02-15T23:59:00+05:00,2026-02-15_d8b34102,False,2026-02-17T22:00,2,3,0.4054,0.0874,0.995,0.575,0.5096,0.2671,6.32,
2026-02-15,2026-02-15T23:59:00+05:00,2026-02-15_d8b34102,False,2026-02-17T23:00,2,3,0.5441,0.1698,0.9813,0.5996,0.4675,0.3994,7.24,
2026-02-16,2026-02-16T23:59:00+05:00,2026-02-16_f74a74e7,False,2026-02-17T00:00,1,1,0.3728,0.0927,0.8945,0.3448,0.2918,0.1286,4.99,
2026-02-16,2026-02-16T23:59:00+05:00,2026-02-16_f74a74e7,False,2026-02-17T01:00,1,1,0.3704,0.111,0.8807,0.44,0.3626,0.1976,5.73,
2026-02-16,2026-02-16T23:59:00+05:00,2026-02-16_f74a74e7,False,2026-02-17T02:00,1,1,0.3596,0.0994,0.8918,0.3957,0.3182,0.2395,6.11,
2026-02-16,2026-02-16T23:59:00+05:00,2026-02-16_f74a74e7,False,2026-02-17T03:00,1,1,0.3437,0.0812,0.8668,0.3996,0.329,0.3118,6.65,
2026-02-16,2026-02-16T23:59:00+05:00,2026-02-16_f74a74e7,False,2026-02-17T04:00,1,1,0.2629,0.021,0.7364,0.3214,0.2928,0.2316,6.05,
2026-02-16,2026-02-16T23:59:00+05:00,2026-02-16_f74a74e7,False,2026-02-17T05:00,1,1,0.1728,0.0056,0.4646,0.2162,0.1656,0.0159,2.44,
2026-02-16,2026-02-16T23:59:00+05:00,2026-02-16_f74a74e7,False,2026-02-17T06:00,1,1,0.2151,0.0033,0.3892,0.2227,0.1792,0.0108,2.06,
2026-02-16,2026-02-16T23:59:00+05:00,2026-02-16_f74a74e7,False,2026-02-17T07:00,1,1,0.1172,0.0029,0.3173,0.1508,0.0788,0.0326,3.09,
2026-02-16,2026-02-16T23:59:00+05:00,2026-02-16_f74a74e7,False,2026-02-17T08:00,1,1,0.0889,0.0001,0.3233,0.0942,0.048,0.0958,4.44,
2026-02-16,2026-02-16T23:59:00+05:00,2026-02-16_f74a74e7,False,2026-02-17T09:00,1,1,0.0527,0.0,0.317,0.0805,0.0501,0.1724,5.48,
2026-02-16,2026-02-16T23:59:00+05:00,2026-02-16_f74a74e7,False,2026-02-17T10:00,1,1,0.0722,0.002,0.4063,0.1141,0.0938,0.2316,6.05,
2026-02-16,2026-02-16T23:59:00+05:00,2026-02-16_f74a74e7,False,2026-02-17T11:00,1,1,0.0572,0.0086,0.2946,0.0692,0.0733,0.0969,4.46,
2026-02-16,2026-02-16T23:59:00+05:00,2026-02-16_f74a74e7,False,2026-02-17T12:00,1,1,0.0504,0.0094,0.3579,0.0732,0.0753,0.1355,5.07,
2026-02-16,2026-02-16T23:59:00+05:00,2026-02-16_f74a74e7,False,2026-02-17T13:00,1,1,0.0831,0.0018,0.4432,0.1232,0.0892,0.1232,4.9,
2026-02-16,2026-02-16T23:59:00+05:00,2026-02-16_f74a74e7,False,2026-02-17T14:00,1,1,0.1307,0.0046,0.4713,0.1558,0.1238,0.1373,5.09,
2026-02-16,2026-02-16T23:59:00+05:00,2026-02-16_f74a74e7,False,2026-02-17T15:00,1,1,0.2303,0.0164,0.5304,0.204,0.2275,0.1427,5.15,
2026-02-16,2026-02-16T23:59:00+05:00,2026-02-16_f74a74e7,False,2026-02-17T16:00,1,1,0.2395,0.0251,0.5958,0.2399,0.2406,0.1244,4.92,
2026-02-16,2026-02-16T23:59:00+05:00,2026-02-16_f74a74e7,False,2026-02-17T17:00,1,2,0.4969,0.0678,0.9494,0.538,0.5033,0.3454,6.89,
2026-02-16,2026-02-16T23:59:00+05:00,2026-02-16_f74a74e7,False,2026-02-17T18:00,1,2,0.6029,0.1205,0.9945,0.6909,0.5655,0.393,7.2,
2026-02-16,2026-02-16T23:59:00+05:00,2026-02-16_f74a74e7,False,2026-02-17T19:00,1,2,0.6033,0.1806,0.9879,0.6723,0.5919,0.3946,7.21,
2026-02-16,2026-02-16T23:59:00+05:00,2026-02-16_f74a74e7,False,2026-02-17T20:00,1,2,0.6464,0.2119,0.9969,0.6816,0.5855,0.3538,6.95,
2026-02-16,2026-02-16T23:59:00+05:00,2026-02-16_f74a74e7,False,2026-02-17T21:00,1,2,0.6648,0.2758,1.0,0.7161,0.6148,0.3753,7.09,
2026-02-16,2026-02-16T23:59:00+05:00,2026-02-16_f74a74e7,False,2026-02-17T22:00,1,2,0.5818,0.2431,1.0,0.6668,0.595,0.401,7.25,
2026-02-16,2026-02-16T23:59:00+05:00,2026-02-16_f74a74e7,False,2026-02-17T23:00,1,2,0.5512,0.2146,1.0,0.5359,0.4295,0.4796,7.76,
2026-02-16,2026-02-16T23:59:00+05:00,2026-02-16_f74a74e7,False,2026-02-18T00:00,2,2,0.5586,0.2934,0.9873,0.5381,0.4996,0.6099,8.63,
2026-02-16,2026-02-16T23:59:00+05:00,2026-02-16_f74a74e7,False,2026-02-18T01:00,2,2,0.5522,0.3506,0.9916,0.6296,0.5664,0.7209,9.37,
2026-02-16,2026-02-16T23:59:00+05:00,2026-02-16_f74a74e7,False,2026-02-18T02:00,2,2,0.6484,0.2986,0.9967,0.6917,0.6042,0.518,8.02,
2026-02-16,2026-02-16T23:59:00+05:00,2026-02-16_f74a74e7,False,2026-02-18T03:00,2,2,0.6765,0.2673,1.0,0.6722,0.5719,0.4027,7.26,
2026-02-16,2026-02-16T23:59:00+05:00,2026-02-16_f74a74e7,False,2026-02-18T04:00,2,2,0.6868,0.3904,1.0,0.7389,0.6817,0.3882,7.17,
2026-02-16,2026-02-16T23:59:00+05:00,2026-02-16_f74a74e7,False,2026-02-18T05:00,2,2,0.7792,0.3938,1.0,0.8569,0.6932,0.4649,7.66,
2026-02-16,2026-02-16T23:59:00+05:00,2026-02-16_f74a74e7,False,2026-02-18T06:00,2,2,0.773,0.4251,1.0,0.8639,0.7152,0.5032,7.92,
2026-02-16,2026-02-16T23:59:00+05:00,2026-02-16_f74a74e7,False,2026-02-18T07:00,2,2,0.7634,0.4276,1.0,0.9088,0.7463,0.4973,7.88,
2026-02-16,2026-02-16T23:59:00+05:00,2026-02-16_f74a74e7,False,2026-02-18T08:00,2,2,0.9251,0.5858,0.986,0.9027,0.8443,0.5347,8.13,
2026-02-16,2026-02-16T23:59:00+05:00,2026-02-16_f74a74e7,False,2026-02-18T09:00,2,2,0.8399,0.4401,0.9858,0.998,0.9005,0.3978,7.23,
2026-02-16,2026-02-16T23:59:00+05:00,2026-02-16_f74a74e7,False,2026-02-18T10:00,2,2,0.9525,0.636,1.0,0.961,0.9313,0.4604,7.63,
2026-02-16,2026-02-16T23:59:00+05:00,2026-02-16_f74a74e7,False,2026-02-18T11:00,2,2,0.9563,0.8468,0.9886,0.9652,0.939,0.6319,8.78,
2026-02-16,2026-02-16T23:59:00+05:00,2026-02-16_f74a74e7,False,2026-02-18T12:00,2,2,0.9617,0.9072,0.989,0.9748,0.9665,0.7025,9.25,
2026-02-16,2026-02-16T23:59:00+05:00,2026-02-16_f74a74e7,False,2026-02-18T13:00,2,2,0.9791,0.9004,0.9885,0.9736,0.9692,0.899,10.71,
2026-02-16,2026-02-16T23:59:00+05:00,2026-02-16_f74a74e7,False,2026-02-18T14:00,2,2,0.9607,0.9489,0.9879,0.9888,0.9577,0.948,11.28,
2026-02-16,2026-02-16T23:59:00+05:00,2026-02-16_f74a74e7,False,2026-02-18T15:00,2,2,0.9624,0.7967,1.0,0.9866,0.9706,0.8435,10.24,
2026-02-16,2026-02-16T23:59:00+05:00,2026-02-16_f74a74e7,False,2026-02-18T16:00,2,2,0.8506,0.6065,1.0,0.8705,0.9022,0.7676,9.69,
2026-02-16,2026-02-16T23:59:00+05:00,2026-02-16_f74a74e7,False,2026-02-18T17:00,2,3,0.9328,0.3988,1.0,0.9386,0.9006,0.484,7.79,
2026-02-16,2026-02-16T23:59:00+05:00,2026-02-16_f74a74e7,False,2026-02-18T18:00,2,3,0.7343,0.2389,0.9907,0.8457,0.7252,0.2685,6.33,
2026-02-16,2026-02-16T23:59:00+05:00,2026-02-16_f74a74e7,False,2026-02-18T19:00,2,3,0.5341,0.0926,0.9467,0.5979,0.5404,0.158,5.32,
2026-02-16,2026-02-16T23:59:00+05:00,2026-02-16_f74a74e7,False,2026-02-18T20:00,2,3,0.4028,0.0327,0.8737,0.4756,0.3858,0.1292,5.0,
2026-02-16,2026-02-16T23:59:00+05:00,2026-02-16_f74a74e7,False,2026-02-18T21:00,2,3,0.3498,0.0179,0.8719,0.4267,0.3516,0.1208,4.86,
2026-02-16,2026-02-16T23:59:00+05:00,2026-02-16_f74a74e7,False,2026-02-18T22:00,2,3,0.343,0.027,0.8671,0.4285,0.3468,0.1226,4.89,
2026-02-16,2026-02-16T23:59:00+05:00,2026-02-16_f74a74e7,False,2026-02-18T23:00,2,3,0.5077,0.0804,0.9209,0.5989,0.4714,0.119,4.83,
2026-02-17,2026-02-17T23:59:00+05:00,2026-02-17_eae220af,False,2026-02-18T00:00,1,1,0.753,0.371,1.0,0.7727,0.6966,0.401,7.25,
2026-02-17,2026-02-17T23:59:00+05:00,2026-02-17_eae220af,False,2026-02-18T01:00,1,1,0.7603,0.394,1.0,0.774,0.7171,0.4752,7.73,
2026-02-17,2026-02-17T23:59:00+05:00,2026-02-17_eae220af,False,2026-02-18T02:00,1,1,0.6959,0.3195,0.9738,0.7734,0.5931,0.3258,6.75,
2026-02-17,2026-02-17T23:59:00+05:00,2026-02-17_eae220af,False,2026-02-18T03:00,1,1,0.7123,0.3209,0.9752,0.7489,0.6019,0.3202,6.71,
2026-02-17,2026-02-17T23:59:00+05:00,2026-02-17_eae220af,False,2026-02-18T04:00,1,1,0.7951,0.3766,1.0,0.8878,0.735,0.3657,7.03,
2026-02-17,2026-02-17T23:59:00+05:00,2026-02-17_eae220af,False,2026-02-18T05:00,1,1,0.7982,0.3514,1.0,0.8651,0.6904,0.3769,7.1,
2026-02-17,2026-02-17T23:59:00+05:00,2026-02-17_eae220af,False,2026-02-18T06:00,1,1,0.7856,0.4813,0.9733,0.8522,0.6518,0.2978,6.55,
2026-02-17,2026-02-17T23:59:00+05:00,2026-02-17_eae220af,False,2026-02-18T07:00,1,1,0.7654,0.5144,0.9856,0.834,0.729,0.4155,7.34,
2026-02-17,2026-02-17T23:59:00+05:00,2026-02-17_eae220af,False,2026-02-18T08:00,1,1,0.7803,0.5594,0.9821,0.9382,0.8462,0.5241,8.06,
2026-02-17,2026-02-17T23:59:00+05:00,2026-02-17_eae220af,False,2026-02-18T09:00,1,1,0.8386,0.462,0.9866,0.9642,0.8955,0.5302,8.1,
2026-02-17,2026-02-17T23:59:00+05:00,2026-02-17_eae220af,False,2026-02-18T10:00,1,1,0.9519,0.8086,0.9868,0.9554,0.9324,0.5967,8.54,
2026-02-17,2026-02-17T23:59:00+05:00,2026-02-17_eae220af,False,2026-02-18T11:00,1,1,0.9761,0.8958,0.9874,0.9704,0.946,0.9576,11.41,
2026-02-17,2026-02-17T23:59:00+05:00,2026-02-17_eae220af,False,2026-02-18T12:00,1,1,0.9756,0.9448,0.9875,0.9738,0.9637,0.826,10.11,
2026-02-17,2026-02-17T23:59:00+05:00,2026-02-17_eae220af,False,2026-02-18T13:00,1,1,0.9742,0.8903,0.9883,0.9724,0.9542,0.8233,10.09,
2026-02-17,2026-02-17T23:59:00+05:00,2026-02-17_eae220af,False,2026-02-18T14:00,1,1,0.9662,0.8868,0.9899,0.9881,0.9604,0.8056,9.96,
2026-02-17,2026-02-17T23:59:00+05:00,2026-02-17_eae220af,False,2026-02-18T15:00,1,1,0.973,0.8222,0.9886,0.9929,0.9715,0.704,9.26,
2026-02-17,2026-02-17T23:59:00+05:00,2026-02-17_eae220af,False,2026-02-18T16:00,1,1,0.9122,0.6626,1.0,0.9332,0.9294,0.8233,10.09,
2026-02-17,2026-02-17T23:59:00+05:00,2026-02-17_eae220af,False,2026-02-18T17:00,1,2,0.8414,0.4397,1.0,0.8344,0.8189,0.5211,8.04,
2026-02-17,2026-02-17T23:59:00+05:00,2026-02-17_eae220af,False,2026-02-18T18:00,1,2,0.79,0.305,1.0,0.9214,0.7033,0.385,7.15,
2026-02-17,2026-02-17T23:59:00+05:00,2026-02-17_eae220af,False,2026-02-18T19:00,1,2,0.8332,0.2509,1.0,0.8903,0.7727,0.3398,6.85,
2026-02-17,2026-02-17T23:59:00+05:00,2026-02-17_eae220af,False,2026-02-18T20:00,1,2,0.7504,0.2682,1.0,0.7848,0.6786,0.4575,7.61,
2026-02-17,2026-02-17T23:59:00+05:00,2026-02-17_eae220af,False,2026-02-18T21:00,1,2,0.7043,0.2436,0.994,0.7279,0.6139,0.4944,7.86,
2026-02-17,2026-02-17T23:59:00+05:00,2026-02-17_eae220af,False,2026-02-18T22:00,1,2,0.601,0.1863,0.9611,0.6359,0.5509,0.3833,7.14,
2026-02-17,2026-02-17T23:59:00+05:00,2026-02-17_eae220af,False,2026-02-18T23:00,1,2,0.5622,0.1855,0.9551,0.5682,0.5135,0.229,6.03,
2026-02-17,2026-02-17T23:59:00+05:00,2026-02-17_eae220af,False,2026-02-19T00:00,2,2,0.5527,0.1928,0.9514,0.5677,0.4299,0.3034,6.59,
2026-02-17,2026-02-17T23:59:00+05:00,2026-02-17_eae220af,False,2026-02-19T01:00,2,2,0.597,0.1678,0.9444,0.6214,0.5152,0.1607,5.35,
2026-02-17,2026-02-17T23:59:00+05:00,2026-02-17_eae220af,False,2026-02-19T02:00,2,2,0.5642,0.1743,0.9335,0.5286,0.4596,0.1904,5.66,
2026-02-17,2026-02-17T23:59:00+05:00,2026-02-17_eae220af,False,2026-02-19T03:00,2,2,0.5472,0.1737,0.9341,0.5274,0.4314,0.1976,5.73,
2026-02-17,2026-02-17T23:59:00+05:00,2026-02-17_eae220af,False,2026-02-19T04:00,2,2,0.4543,0.1204,0.8946,0.4809,0.355,0.1208,4.86,
2026-02-17,2026-02-17T23:59:00+05:00,2026-02-17_eae220af,False,2026-02-19T05:00,2,2,0.4838,0.1087,0.8981,0.5612,0.4291,0.1697,5.45,
2026-02-17,2026-02-17T23:59:00+05:00,2026-02-17_eae220af,False,2026-02-19T06:00,2,2,0.3819,0.1179,0.8871,0.4954,0.386,0.2189,5.94,
2026-02-17,2026-02-17T23:59:00+05:00,2026-02-17_eae220af,False,2026-02-19T07:00,2,2,0.3358,0.1041,0.8638,0.4665,0.3902,0.1874,5.63,
2026-02-17,2026-02-17T23:59:00+05:00,2026-02-17_eae220af,False,2026-02-19T08:00,2,2,0.3771,0.0815,0.9079,0.4649,0.3607,0.2128,5.88,
2026-02-17,2026-02-17T23:59:00+05:00,2026-02-17_eae220af,False,2026-02-19T09:00,2,2,0.4994,0.0941,0.9419,0.5824,0.461,0.3412,6.86,
2026-02-17,2026-02-17T23:59:00+05:00,2026-02-17_eae220af,False,2026-02-19T10:00,2,2,0.4085,0.0415,0.919,0.4167,0.4725,0.1652,5.4,
2026-02-17,2026-02-17T23:59:00+05:00,2026-02-17_eae220af,False,2026-02-19T11:00,2,2,0.3147,0.0263,0.8352,0.3232,0.2968,0.2067,5.82,
2026-02-17,2026-02-17T23:59:00+05:00,2026-02-17_eae220af,False,2026-02-19T12:00,2,2,0.214,0.0317,0.7459,0.217,0.197,0.1166,4.79,
2026-02-17,2026-02-17T23:59:00+05:00,2026-02-17_eae220af,False,2026-02-19T13:00,2,2,0.2352,0.0335,0.6274,0.2281,0.2055,0.0958,4.44,
2026-02-17,2026-02-17T23:59:00+05:00,2026-02-17_eae220af,False,2026-02-19T14:00,2,2,0.2093,0.0201,0.5672,0.2081,0.173,0.0986,4.49,
2026-02-17,2026-02-17T23:59:00+05:00,2026-02-17_eae220af,False,2026-02-19T15:00,2,2,0.2126,0.0123,0.5136,0.1844,0.1848,0.0618,3.8,
2026-02-17,2026-02-17T23:59:00+05:00,2026-02-17_eae220af,False,2026-02-19T16:00,2,2,0.1879,0.0109,0.4549,0.1651,0.1815,0.0793,4.15,
2026-02-17,2026-02-17T23:59:00+05:00,2026-02-17_eae220af,False,2026-02-19T17:00,2,3,0.0907,0.0098,0.3315,0.0993,0.082,0.0546,3.64,
2026-02-17,2026-02-17T23:59:00+05:00,2026-02-17_eae220af,False,2026-02-19T18:00,2,3,0.0306,0.0088,0.2554,0.0315,0.0288,0.01,1.7,
2026-02-17,2026-02-17T23:59:00+05:00,2026-02-17_eae220af,False,2026-02-19T19:00,2,3,0.0406,0.0121,0.327,0.0285,0.0281,0.01,1.45,
2026-02-17,2026-02-17T23:59:00+05:00,2026-02-17_eae220af,False,2026-02-19T20:00,2,3,0.0696,0.0093,0.3927,0.0666,0.0705,0.0501,3.54,
2026-02-17,2026-02-17T23:59:00+05:00,2026-02-17_eae220af,False,2026-02-19T21:00,2,3,0.0864,0.0078,0.4024,0.0967,0.0743,0.0714,4.01,
2026-02-17,2026-02-17T23:59:00+05:00,2026-02-17_eae220af,False,2026-02-19T22:00,2,3,0.1945,0.0119,0.7079,0.2218,0.2031,0.1052,4.6,
2026-02-17,2026-02-17T23:59:00+05:00,2026-02-17_eae220af,False,2026-02-19T23:00,2,3,0.3568,0.0161,0.8417,0.4198,0.3947,0.116,4.78,
2026-02-18,2026-02-18T23:59:00+05:00,2026-02-18_0848c406,False,2026-02-19T00:00,1,1,0.6405,0.2621,0.9767,0.6875,0.5624,0.2474,6.17,
2026-02-18,2026-02-18T23:59:00+05:00,2026-02-18_0848c406,False,2026-02-19T01:00,1,1,0.6313,0.2034,0.945,0.6867,0.5522,0.1382,5.1,
2026-02-18,2026-02-18T23:59:00+05:00,2026-02-18_0848c406,False,2026-02-19T02:00,1,1,0.6648,0.2207,0.9525,0.7612,0.6263,0.14,5.12,
2026-02-18,2026-02-18T23:59:00+05:00,2026-02-18_0848c406,False,2026-02-19T03:00,1,1,0.6267,0.1892,0.9469,0.7535,0.5419,0.1274,4.97,
2026-02-18,2026-02-18T23:59:00+05:00,2026-02-18_0848c406,False,2026-02-19T04:00,1,1,0.526,0.1554,0.9247,0.5833,0.4748,0.1436,5.16,
2026-02-18,2026-02-18T23:59:00+05:00,2026-02-18_0848c406,False,2026-02-19T05:00,1,1,0.4614,0.0775,0.8682,0.5546,0.4581,0.0912,4.36,
2026-02-18,2026-02-18T23:59:00+05:00,2026-02-18_0848c406,False,2026-02-19T06:00,1,1,0.3209,0.0472,0.808,0.3962,0.2996,0.098,4.48,
2026-02-18,2026-02-18T23:59:00+05:00,2026-02-18_0848c406,False,2026-02-19T07:00,1,1,0.212,0.0331,0.7218,0.2818,0.235,0.101,4.53,
2026-02-18,2026-02-18T23:59:00+05:00,2026-02-18_0848c406,False,2026-02-19T08:00,1,1,0.2148,0.0353,0.611,0.2326,0.203,0.0992,4.5,
2026-02-18,2026-02-18T23:59:00+05:00,2026-02-18_0848c406,False,2026-02-19T09:00,1,1,0.1729,0.0299,0.6503,0.1954,0.1821,0.1208,4.86,
2026-02-18,2026-02-18T23:59:00+05:00,2026-02-18_0848c406,False,2026-02-19T10:00,1,1,0.1883,0.0176,0.6722,0.2374,0.1882,0.167,5.42,
2026-02-18,2026-02-18T23:59:00+05:00,2026-02-18_0848c406,False,2026-02-19T11:00,1,1,0.187,0.0293,0.6508,0.1749,0.1619,0.1082,4.65,
2026-02-18,2026-02-18T23:59:00+05:00,2026-02-18_0848c406,False,2026-02-19T12:00,1,1,0.2156,0.0411,0.6859,0.2065,0.2398,0.1238,4.91,
2026-02-18,2026-02-18T23:59:00+05:00,2026-02-18_0848c406,False,2026-02-19T13:00,1,1,0.2782,0.0296,0.6615,0.2174,0.2512,0.1184,4.82,
2026-02-18,2026-02-18T23:59:00+05:00,2026-02-18_0848c406,False,2026-02-19T14:00,1,1,0.2558,0.0162,0.5696,0.2108,0.243,0.107,4.63,
2026-02-18,2026-02-18T23:59:00+05:00,2026-02-18_0848c406,False,2026-02-19T15:00,1,1,0.243,0.0208,0.5116,0.2096,0.2203,0.0771,4.11,
2026-02-18,2026-02-18T23:59:00+05:00,2026-02-18_0848c406,False,2026-02-19T16:00,1,1,0.25,0.0144,0.5572,0.2518,0.2472,0.0187,2.58,
2026-02-18,2026-02-18T23:59:00+05:00,2026-02-18_0848c406,False,2026-02-19T17:00,1,2,0.1826,0.0228,0.4691,0.1783,0.1761,0.0759,4.09,
2026-02-18,2026-02-18T23:59:00+05:00,2026-02-18_0848c406,False,2026-02-19T18:00,1,2,0.1369,0.0008,0.4327,0.1475,0.1298,0.0295,3.01,
2026-02-18,2026-02-18T23:59:00+05:00,2026-02-18_0848c406,False,2026-02-19T19:00,1,2,0.1091,0.0089,0.4372,0.1054,0.1011,0.01,1.74,
2026-02-18,2026-02-18T23:59:00+05:00,2026-02-18_0848c406,False,2026-02-19T20:00,1,2,0.0734,0.008,0.4153,0.0827,0.0574,0.01,0.71,
2026-02-18,2026-02-18T23:59:00+05:00,2026-02-18_0848c406,False,2026-02-19T21:00,1,2,0.038,0.0091,0.4122,0.0446,0.0294,0.0249,2.83,
2026-02-18,2026-02-18T23:59:00+05:00,2026-02-18_0848c406,False,2026-02-19T22:00,1,2,0.0737,0.0089,0.4873,0.0798,0.0519,0.1508,5.24,
2026-02-18,2026-02-18T23:59:00+05:00,2026-02-18_0848c406,False,2026-02-19T23:00,1,2,0.1489,0.0119,0.7301,0.1703,0.1656,0.309,6.63,
2026-02-18,2026-02-18T23:59:00+05:00,2026-02-18_0848c406,False,2026-02-20T00:00,2,2,0.2696,0.0,0.8446,0.2822,0.3108,0.1884,5.64,
2026-02-18,2026-02-18T23:59:00+05:00,2026-02-18_0848c406,False,2026-02-20T01:00,2,2,0.2382,0.009,0.8507,0.2782,0.276,0.1214,4.87,
2026-02-18,2026-02-18T23:59:00+05:00,2026-02-18_0848c406,False,2026-02-20T02:00,2,2,0.3004,0.0153,0.9356,0.2962,0.3619,0.2303,6.04,
2026-02-18,2026-02-18T23:59:00+05:00,2026-02-18_0848c406,False,2026-02-20T03:00,2,2,0.4008,0.0143,1.0,0.3685,0.3991,0.344,6.88,
2026-02-18,2026-02-18T23:59:00+05:00,2026-02-18_0848c406,False,2026-02-20T04:00,2,2,0.3954,0.0702,1.0,0.5069,0.4792,0.3356,6.82,
2026-02-18,2026-02-18T23:59:00+05:00,2026-02-18_0848c406,False,2026-02-20T05:00,2,2,0.3664,0.0026,0.9601,0.3918,0.3567,0.4516,7.57,
2026-02-18,2026-02-18T23:59:00+05:00,2026-02-18_0848c406,False,2026-02-20T06:00,2,2,0.424,0.0521,0.9933,0.4488,0.4723,0.4604,7.63,
2026-02-18,2026-02-18T23:59:00+05:00,2026-02-18_0848c406,False,2026-02-20T07:00,2,2,0.4632,0.0635,1.0,0.4747,0.4997,0.393,7.2,
2026-02-18,2026-02-18T23:59:00+05:00,2026-02-18_0848c406,False,2026-02-20T08:00,2,2,0.4273,0.0132,0.8748,0.3728,0.4745,0.3426,6.87,
2026-02-18,2026-02-18T23:59:00+05:00,2026-02-18_0848c406,False,2026-02-20T09:00,2,2,0.2751,0.0,0.7221,0.2765,0.3104,0.1742,5.5,
2026-02-18,2026-02-18T23:59:00+05:00,2026-02-18_0848c406,False,2026-02-20T10:00,2,2,0.1361,0.0001,0.46,0.1398,0.1258,0.1094,4.67,
2026-02-18,2026-02-18T23:59:00+05:00,2026-02-18_0848c406,False,2026-02-20T11:00,2,2,0.0925,0.0,0.463,0.1014,0.0947,0.089,4.32,
2026-02-18,2026-02-18T23:59:00+05:00,2026-02-18_0848c406,False,2026-02-20T12:00,2,2,0.074,0.0,0.2968,0.0685,0.0581,0.0361,3.18,
2026-02-18,2026-02-18T23:59:00+05:00,2026-02-18_0848c406,False,2026-02-20T13:00,2,2,0.0519,0.0091,0.2676,0.0415,0.0426,0.0202,2.64,
2026-02-18,2026-02-18T23:59:00+05:00,2026-02-18_0848c406,False,2026-02-20T14:00,2,2,0.0292,0.0091,0.1725,0.0256,0.0287,0.012,2.15,
2026-02-18,2026-02-18T23:59:00+05:00,2026-02-18_0848c406,False,2026-02-20T15:00,2,2,0.0354,0.0092,0.2702,0.0208,0.0284,0.01,1.46,
2026-02-18,2026-02-18T23:59:00+05:00,2026-02-18_0848c406,False,2026-02-20T16:00,2,2,0.0373,0.0104,0.3288,0.028,0.0278,0.01,1.97,
2026-02-18,2026-02-18T23:59:00+05:00,2026-02-18_0848c406,False,2026-02-20T17:00,2,3,0.0112,0.0071,0.3322,0.0165,0.0105,0.0187,2.58,
2026-02-18,2026-02-18T23:59:00+05:00,2026-02-18_0848c406,False,2026-02-20T18:00,2,3,0.1204,0.0094,0.5512,0.1291,0.091,0.2566,6.24,
2026-02-18,2026-02-18T23:59:00+05:00,2026-02-18_0848c406,False,2026-02-20T19:00,2,3,0.3172,0.0216,0.7784,0.3082,0.2536,0.4268,7.41,
2026-02-18,2026-02-18T23:59:00+05:00,2026-02-18_0848c406,False,2026-02-20T20:00,2,3,0.7455,0.2829,1.0,0.7429,0.7366,0.4663,7.67,
2026-02-18,2026-02-18T23:59:00+05:00,2026-02-18_0848c406,False,2026-02-20T21:00,2,3,0.8164,0.3093,1.0,0.8237,0.8409,0.5499,8.23,
2026-02-18,2026-02-18T23:59:00+05:00,2026-02-18_0848c406,False,2026-02-20T22:00,2,3,0.6821,0.3124,1.0,0.7165,0.8062,0.5423,8.18,
2026-02-18,2026-02-18T23:59:00+05:00,2026-02-18_0848c406,False,2026-02-20T23:00,2,3,0.6606,0.284,0.996,0.5393,0.5959,0.3202,6.71,
2026-02-19,2026-02-19T23:59:00+05:00,2026-02-19_bd46acb2,False,2026-02-20T00:00,1,1,0.5371,0.0242,1.0,0.4537,0.4388,0.3721,7.07,
2026-02-19,2026-02-19T23:59:00+05:00,2026-02-19_bd46acb2,False,2026-02-20T01:00,1,1,0.4361,0.0279,1.0,0.4417,0.3696,0.4316,7.44,
2026-02-19,2026-02-19T23:59:00+05:00,2026-02-19_bd46acb2,False,2026-02-20T02:00,1,1,0.3471,0.0072,1.0,0.3542,0.3294,0.4332,7.45,
2026-02-19,2026-02-19T23:59:00+05:00,2026-02-19_bd46acb2,False,2026-02-20T03:00,1,1,0.333,0.0196,1.0,0.3506,0.3415,0.3552,6.96,
2026-02-19,2026-02-19T23:59:00+05:00,2026-02-19_bd46acb2,False,2026-02-20T04:00,1,1,0.3449,0.014,0.9962,0.342,0.3312,0.4155,7.34,
2026-02-19,2026-02-19T23:59:00+05:00,2026-02-19_bd46acb2,False,2026-02-20T05:00,1,1,0.4124,0.0291,0.9993,0.4309,0.3915,0.4796,7.76,
2026-02-19,2026-02-19T23:59:00+05:00,2026-02-19_bd46acb2,False,2026-02-20T06:00,1,1,0.5072,0.0506,1.0,0.5181,0.5255,0.5017,7.91,
2026-02-19,2026-02-19T23:59:00+05:00,2026-02-19_bd46acb2,False,2026-02-20T07:00,1,1,0.5774,0.1135,1.0,0.6169,0.5868,0.5893,8.49,
2026-02-19,2026-02-19T23:59:00+05:00,2026-02-19_bd46acb2,False,2026-02-20T08:00,1,1,0.5272,0.0718,0.9797,0.555,0.5783,0.4944,7.86,
2026-02-19,2026-02-19T23:59:00+05:00,2026-02-19_bd46acb2,False,2026-02-20T09:00,1,1,0.4227,0.0247,0.9485,0.4174,0.4507,0.2645,6.3,
2026-02-19,2026-02-19T23:59:00+05:00,2026-02-19_bd46acb2,False,2026-02-20T10:00,1,1,0.2858,0.0202,0.7648,0.2548,0.2485,0.1697,5.45,
2026-02-19,2026-02-19T23:59:00+05:00,2026-02-19_bd46acb2,False,2026-02-20T11:00,1,1,0.2362,0.0074,0.6468,0.2286,0.1933,0.1607,5.35,
2026-02-19,2026-02-19T23:59:00+05:00,2026-02-19_bd46acb2,False,2026-02-20T12:00,1,1,0.19,0.0149,0.5369,0.1805,0.1657,0.1148,4.76,
2026-02-19,2026-02-19T23:59:00+05:00,2026-02-19_bd46acb2,False,2026-02-20T13:00,1,1,0.156,0.0082,0.4347,0.1279,0.1301,0.0788,4.14,
2026-02-19,2026-02-19T23:59:00+05:00,2026-02-19_bd46acb2,False,2026-02-20T14:00,1,1,0.1209,0.0069,0.3544,0.1049,0.1081,0.0501,3.54,
2026-02-19,2026-02-19T23:59:00+05:00,2026-02-19_bd46acb2,False,2026-02-20T15:00,1,1,0.1039,0.0005,0.2702,0.0909,0.1105,0.0326,3.09,
2026-02-19,2026-02-19T23:59:00+05:00,2026-02-19_bd46acb2,False,2026-02-20T16:00,1,1,0.0782,0.0,0.242,0.063,0.0647,0.0153,2.4,
2026-02-19,2026-02-19T23:59:00+05:00,2026-02-19_bd46acb2,False,2026-02-20T17:00,1,2,0.0263,0.006,0.2713,0.0268,0.0289,0.0472,3.47,
2026-02-19,2026-02-19T23:59:00+05:00,2026-02-19_bd46acb2,False,2026-02-20T18:00,1,2,0.0725,0.0043,0.5429,0.0896,0.1029,0.4604,7.63,
2026-02-19,2026-02-19T23:59:00+05:00,2026-02-19_bd46acb2,False,2026-02-20T19:00,1,2,0.2807,0.0348,0.8392,0.3523,0.3076,0.5195,8.03,
2026-02-19,2026-02-19T23:59:00+05:00,2026-02-19_bd46acb2,False,2026-02-20T20:00,1,2,0.5109,0.1198,0.9535,0.5449,0.5478,0.5393,8.16,
2026-02-19,2026-02-19T23:59:00+05:00,2026-02-19_bd46acb2,False,2026-02-20T21:00,1,2,0.8244,0.3147,0.9921,0.8119,0.8324,0.5635,8.32,
2026-02-19,2026-02-19T23:59:00+05:00,2026-02-19_bd46acb2,False,2026-02-20T22:00,1,2,0.8126,0.3315,0.9929,0.8656,0.8054,0.5378,8.15,
2026-02-19,2026-02-19T23:59:00+05:00,2026-02-19_bd46acb2,False,2026-02-20T23:00,1,2,0.6416,0.2567,0.9738,0.6233,0.563,0.5393,8.16,
2026-02-19,2026-02-19T23:59:00+05:00,2026-02-19_bd46acb2,False,2026-02-21T00:00,2,2,0.672,0.3561,0.9851,0.6653,0.5728,0.5559,8.27,
2026-02-19,2026-02-19T23:59:00+05:00,2026-02-19_bd46acb2,False,2026-02-21T01:00,2,2,0.6955,0.3164,0.9943,0.7043,0.6125,0.5032,7.92,
2026-02-19,2026-02-19T23:59:00+05:00,2026-02-19_bd46acb2,False,2026-02-21T02:00,2,2,0.6707,0.266,0.9769,0.6621,0.5478,0.3882,7.17,
2026-02-19,2026-02-19T23:59:00+05:00,2026-02-19_bd46acb2,False,2026-02-21T03:00,2,2,0.575,0.2036,0.9516,0.5823,0.446,0.2964,6.54,
2026-02-19,2026-02-19T23:59:00+05:00,2026-02-19_bd46acb2,False,2026-02-21T04:00,2,2,0.4681,0.1067,0.891,0.5068,0.3925,0.167,5.42,
2026-02-19,2026-02-19T23:59:00+05:00,2026-02-19_bd46acb2,False,2026-02-21T05:00,2,2,0.4241,0.0527,0.8885,0.5418,0.3802,0.1208,4.86,
2026-02-19,2026-02-19T23:59:00+05:00,2026-02-19_bd46acb2,False,2026-02-21T06:00,2,2,0.4344,0.0622,0.9203,0.4629,0.4177,0.0704,3.99,
2026-02-19,2026-02-19T23:59:00+05:00,2026-02-19_bd46acb2,False,2026-02-21T07:00,2,2,0.4078,0.0687,0.8776,0.3976,0.2859,0.1076,4.64,
2026-02-19,2026-02-19T23:59:00+05:00,2026-02-19_bd46acb2,False,2026-02-21T08:00,2,2,0.1324,0.0022,0.793,0.2217,0.1816,0.1894,5.65,
2026-02-19,2026-02-19T23:59:00+05:00,2026-02-19_bd46acb2,False,2026-02-21T09:00,2,2,0.0587,0.0,0.3175,0.086,0.0604,0.1142,4.75,
2026-02-19,2026-02-19T23:59:00+05:00,2026-02-19_bd46acb2,False,2026-02-21T10:00,2,2,0.1041,0.005,0.5503,0.1368,0.0919,0.0156,2.42,
2026-02-19,2026-02-19T23:59:00+05:00,2026-02-19_bd46acb2,False,2026-02-21T11:00,2,2,0.573,0.1496,0.9863,0.4944,0.5098,0.9665,11.6,
2026-02-19,2026-02-19T23:59:00+05:00,2026-02-19_bd46acb2,False,2026-02-21T12:00,2,2,0.7116,0.2683,1.0,0.5731,0.6204,0.9772,12.17,
2026-02-19,2026-02-19T23:59:00+05:00,2026-02-19_bd46acb2,False,2026-02-21T13:00,2,2,0.7081,0.4644,1.0,0.7161,0.7694,0.97,11.75,
2026-02-19,2026-02-19T23:59:00+05:00,2026-02-19_bd46acb2,False,2026-02-21T14:00,2,2,0.6145,0.3377,0.9932,0.6458,0.6087,0.6334,8.79,
2026-02-19,2026-02-19T23:59:00+05:00,2026-02-19_bd46acb2,False,2026-02-21T15:00,2,2,0.504,0.101,0.9499,0.5714,0.5214,0.3737,7.08,
2026-02-19,2026-02-19T23:59:00+05:00,2026-02-19_bd46acb2,False,2026-02-21T16:00,2,2,0.4038,0.0657,0.8685,0.3952,0.4601,0.1208,4.86,
2026-02-19,2026-02-19T23:59:00+05:00,2026-02-19_bd46acb2,False,2026-02-21T17:00,2,3,0.7191,0.2402,1.0,0.6983,0.7254,0.4781,7.75,
2026-02-19,2026-02-19T23:59:00+05:00,2026-02-19_bd46acb2,False,2026-02-21T18:00,2,3,0.7814,0.3284,1.0,0.7803,0.809,0.559,8.29,
2026-02-19,2026-02-19T23:59:00+05:00,2026-02-19_bd46acb2,False,2026-02-21T19:00,2,3,0.7867,0.3403,1.0,0.7835,0.7545,0.4252,7.4,
2026-02-19,2026-02-19T23:59:00+05:00,2026-02-19_bd46acb2,False,2026-02-21T20:00,2,3,0.8864,0.4473,1.0,0.8772,0.8764,0.5967,8.54,
2026-02-19,2026-02-19T23:59:00+05:00,2026-02-19_bd46acb2,False,2026-02-21T21:00,2,3,0.9188,0.517,1.0,0.8817,0.9268,0.9177,10.9,
2026-02-19,2026-02-19T23:59:00+05:00,2026-02-19_bd46acb2,False,2026-02-21T22:00,2,3,0.9301,0.5169,1.0,0.9132,0.9318,0.9078,10.8,
2026-02-19,2026-02-19T23:59:00+05:00,2026-02-19_bd46acb2,False,2026-02-21T23:00,2,3,0.807,0.354,1.0,0.8567,0.8305,0.7178,9.35,
2026-02-20,2026-02-20T23:59:00+05:00,2026-02-20_98b619f8,False,2026-02-21T00:00,1,1,0.5129,0.1901,0.9197,0.5341,0.5512,0.5135,7.99,
2026-02-20,2026-02-20T23:59:00+05:00,2026-02-20_98b619f8,False,2026-02-21T01:00,1,1,0.5782,0.1946,0.9238,0.5619,0.522,0.4457,7.53,
2026-02-20,2026-02-20T23:59:00+05:00,2026-02-20_98b619f8,False,2026-02-21T02:00,1,1,0.4697,0.1412,0.9075,0.4964,0.4622,0.4091,7.3,
2026-02-20,2026-02-20T23:59:00+05:00,2026-02-20_98b619f8,False,2026-02-21T03:00,1,1,0.4257,0.0939,0.8917,0.4702,0.4507,0.3398,6.85,
2026-02-20,2026-02-20T23:59:00+05:00,2026-02-20_98b619f8,False,2026-02-21T04:00,1,1,0.4125,0.1145,0.9138,0.4253,0.3457,0.2724,6.36,
2026-02-20,2026-02-20T23:59:00+05:00,2026-02-20_98b619f8,False,2026-02-21T05:00,1,1,0.4462,0.1295,0.9233,0.4348,0.3652,0.2057,5.81,
2026-02-20,2026-02-20T23:59:00+05:00,2026-02-20_98b619f8,False,2026-02-21T06:00,1,1,0.4123,0.0676,0.8917,0.4196,0.3314,0.1256,4.94,
2026-02-20,2026-02-20T23:59:00+05:00,2026-02-20_98b619f8,False,2026-02-21T07:00,1,1,0.5451,0.0848,0.8753,0.5702,0.4675,0.1064,4.62,
2026-02-20,2026-02-20T23:59:00+05:00,2026-02-20_98b619f8,False,2026-02-21T08:00,1,1,0.1782,0.005,0.751,0.2481,0.1963,0.0998,4.51,
2026-02-20,2026-02-20T23:59:00+05:00,2026-02-20_98b619f8,False,2026-02-21T09:00,1,1,0.0899,0.0004,0.3785,0.1005,0.0637,0.01,0.76,
2026-02-20,2026-02-20T23:59:00+05:00,2026-02-20_98b619f8,False,2026-02-21T10:00,1,1,0.0465,0.0093,0.2997,0.0547,0.0558,0.2006,5.76,
2026-02-20,2026-02-20T23:59:00+05:00,2026-02-20_98b619f8,False,2026-02-21T11:00,1,1,0.6431,0.1914,0.9956,0.6186,0.6338,0.9458,11.25,
2026-02-20,2026-02-20T23:59:00+05:00,2026-02-20_98b619f8,False,2026-02-21T12:00,1,1,0.7831,0.4608,1.0,0.8193,0.7916,0.9644,11.51,
2026-02-20,2026-02-20T23:59:00+05:00,2026-02-20_98b619f8,False,2026-02-21T13:00,1,1,0.9629,0.793,1.0,0.9998,0.9697,0.98,13.05,
2026-02-20,2026-02-20T23:59:00+05:00,2026-02-20_98b619f8,False,2026-02-21T14:00,1,1,0.9493,0.6797,1.0,0.9804,0.9798,0.9788,12.36,
2026-02-20,2026-02-20T23:59:00+05:00,2026-02-20_98b619f8,False,2026-02-21T15:00,1,1,0.8979,0.5919,1.0,0.9221,0.9638,0.7178,9.35,
2026-02-20,2026-02-20T23:59:00+05:00,2026-02-20_98b619f8,False,2026-02-21T16:00,1,1,0.762,0.3237,1.0,0.791,0.7678,0.4332,7.45,
2026-02-20,2026-02-20T23:59:00+05:00,2026-02-20_98b619f8,False,2026-02-21T17:00,1,2,0.2948,0.029,0.8022,0.2889,0.3111,0.1142,4.75,
2026-02-20,2026-02-20T23:59:00+05:00,2026-02-20_98b619f8,False,2026-02-21T18:00,1,2,0.2113,0.0,0.6682,0.2455,0.2375,0.0918,4.37,
2026-02-20,2026-02-20T23:59:00+05:00,2026-02-20_98b619f8,False,2026-02-21T19:00,1,2,0.3123,0.0326,0.8308,0.3371,0.311,0.2355,6.08,
2026-02-20,2026-02-20T23:59:00+05:00,2026-02-20_98b619f8,False,2026-02-21T20:00,1,2,0.5017,0.0816,0.9322,0.4863,0.4446,0.2992,6.56,
2026-02-20,2026-02-20T23:59:00+05:00,2026-02-20_98b619f8,False,2026-02-21T21:00,1,2,0.7772,0.2876,0.9796,0.7773,0.8181,0.401,7.25,
2026-02-20,2026-02-20T23:59:00+05:00,2026-02-20_98b619f8,False,2026-02-21T22:00,1,2,0.8302,0.371,0.9979,0.837,0.8368,0.6495,8.9,
2026-02-20,2026-02-20T23:59:00+05:00,2026-02-20_98b619f8,False,2026-02-21T23:00,1,2,0.8483,0.4178,1.0,0.8847,0.8491,0.4693,7.69,
2026-02-20,2026-02-20T23:59:00+05:00,2026-02-20_98b619f8,False,2026-02-22T00:00,2,2,0.8406,0.3925,0.9945,0.8924,0.8681,0.5195,8.03,
2026-02-20,2026-02-20T23:59:00+05:00,2026-02-20_98b619f8,False,2026-02-22T01:00,2,2,0.8162,0.27,1.0,0.8173,0.825,0.4027,7.26,
2026-02-20,2026-02-20T23:59:00+05:00,2026-02-20_98b619f8,False,2026-02-22T02:00,2,2,0.5784,0.0812,0.9929,0.6294,0.5722,0.2316,6.05,
2026-02-20,2026-02-20T23:59:00+05:00,2026-02-20_98b619f8,False,2026-02-22T03:00,2,2,0.3295,0.0194,0.7212,0.3122,0.3596,0.1607,5.35,
2026-02-20,2026-02-20T23:59:00+05:00,2026-02-20_98b619f8,False,2026-02-22T04:00,2,2,0.0751,0.0,0.4429,0.0763,0.0914,0.0708,4.0,
2026-02-20,2026-02-20T23:59:00+05:00,2026-02-20_98b619f8,False,2026-02-22T05:00,2,2,0.0206,0.0,0.232,0.0193,0.0231,0.01,0.46,
2026-02-20,2026-02-20T23:59:00+05:00,2026-02-20_98b619f8,False,2026-02-22T06:00,2,2,0.0111,0.0081,0.1331,0.0096,0.0136,0.01,0.93,
2026-02-20,2026-02-20T23:59:00+05:00,2026-02-20_98b619f8,False,2026-02-22T07:00,2,2,0.0084,0.008,0.0943,0.0124,0.0091,0.01,1.61,
2026-02-20,2026-02-20T23:59:00+05:00,2026-02-20_98b619f8,False,2026-02-22T08:00,2,2,0.0088,0.0077,0.0939,0.0158,0.0172,0.01,1.95,
2026-02-20,2026-02-20T23:59:00+05:00,2026-02-20_98b619f8,False,2026-02-22T09:00,2,2,0.0285,0.008,0.1613,0.0151,0.0206,0.0136,2.27,
2026-02-20,2026-02-20T23:59:00+05:00,2026-02-20_98b619f8,False,2026-02-22T10:00,2,2,0.0161,0.0078,0.3643,0.0062,0.024,0.0326,3.09,
2026-02-20,2026-02-20T23:59:00+05:00,2026-02-20_98b619f8,False,2026-02-22T11:00,2,2,0.1763,0.0,0.6394,0.1322,0.1277,0.1178,4.81,
2026-02-20,2026-02-20T23:59:00+05:00,2026-02-20_98b619f8,False,2026-02-22T12:00,2,2,0.2738,0.026,0.851,0.2712,0.2657,0.337,6.83,
2026-02-20,2026-02-20T23:59:00+05:00,2026-02-20_98b619f8,False,2026-02-22T13:00,2,2,0.5997,0.1368,0.9493,0.5314,0.5889,0.5003,7.9,
2026-02-20,2026-02-20T23:59:00+05:00,2026-02-20_98b619f8,False,2026-02-22T14:00,2,2,0.7639,0.2826,0.9992,0.7046,0.7567,0.562,8.31,
2026-02-20,2026-02-20T23:59:00+05:00,2026-02-20_98b619f8,False,2026-02-22T15:00,2,2,0.7186,0.3561,0.997,0.6675,0.7472,0.559,8.29,
2026-02-20,2026-02-20T23:59:00+05:00,2026-02-20_98b619f8,False,2026-02-22T16:00,2,2,0.6934,0.3881,0.9977,0.7821,0.6793,0.4973,7.88,
2026-02-20,2026-02-20T23:59:00+05:00,2026-02-20_98b619f8,False,2026-02-22T17:00,2,3,0.7863,0.2179,1.0,0.8082,0.7709,0.5003,7.9,
2026-02-20,2026-02-20T23:59:00+05:00,2026-02-20_98b619f8,False,2026-02-22T18:00,2,3,0.7615,0.151,1.0,0.7375,0.6821,0.3104,6.64,
2026-02-20,2026-02-20T23:59:00+05:00,2026-02-20_98b619f8,False,2026-02-22T19:00,2,3,0.7221,0.1627,1.0,0.809,0.7482,0.2159,5.91,
2026-02-20,2026-02-20T23:59:00+05:00,2026-02-20_98b619f8,False,2026-02-22T20:00,2,3,0.7065,0.1517,1.0,0.8265,0.7294,0.1925,5.68,
2026-02-20,2026-02-20T23:59:00+05:00,2026-02-20_98b619f8,False,2026-02-22T21:00,2,3,0.7114,0.1198,1.0,0.8589,0.7529,0.1724,5.48,
2026-02-20,2026-02-20T23:59:00+05:00,2026-02-20_98b619f8,False,2026-02-22T22:00,2,3,0.6469,0.1416,1.0,0.775,0.697,0.1715,5.47,
2026-02-20,2026-02-20T23:59:00+05:00,2026-02-20_98b619f8,False,2026-02-22T23:00,2,3,0.5245,0.1238,1.0,0.609,0.5353,0.2148,5.9,
2026-02-21,2026-02-21T23:59:00+05:00,2026-02-21_c2cc8029,False,2026-02-22T00:00,1,1,0.1031,0.0002,0.3775,0.1302,0.1448,0.0969,4.46,
2026-02-21,2026-02-21T23:59:00+05:00,2026-02-21_c2cc8029,False,2026-02-22T01:00,1,1,0.0848,0.0,0.314,0.1024,0.0923,0.1028,4.56,
2026-02-21,2026-02-21T23:59:00+05:00,2026-02-21_c2cc8029,False,2026-02-22T02:00,1,1,0.0303,0.0078,0.2294,0.0386,0.0352,0.0492,3.52,
2026-02-21,2026-02-21T23:59:00+05:00,2026-02-21_c2cc8029,False,2026-02-22T03:00,1,1,0.001,0.0006,0.1584,0.0096,0.0121,0.01,1.98,
2026-02-21,2026-02-21T23:59:00+05:00,2026-02-21_c2cc8029,False,2026-02-22T04:00,1,1,0.0022,0.0018,0.0821,0.0098,0.009,0.01,0.83,
2026-02-21,2026-02-21T23:59:00+05:00,2026-02-21_c2cc8029,False,2026-02-22T05:00,1,1,0.0049,0.0045,0.0871,0.0095,0.0092,0.01,0.5,
2026-02-21,2026-02-21T23:59:00+05:00,2026-02-21_c2cc8029,False,2026-02-22T06:00,1,1,0.0084,0.0079,0.0505,0.0127,0.0111,0.012,2.15,
2026-02-21,2026-02-21T23:59:00+05:00,2026-02-21_c2cc8029,False,2026-02-22T07:00,1,1,0.073,0.0078,0.2077,0.0659,0.0866,0.0441,3.39,
2026-02-21,2026-02-21T23:59:00+05:00,2026-02-21_c2cc8029,False,2026-02-22T08:00,1,1,0.1805,0.0,0.4724,0.1767,0.1702,0.1813,5.57,
2026-02-21,2026-02-21T23:59:00+05:00,2026-02-21_c2cc8029,False,2026-02-22T09:00,1,1,0.1669,0.0,0.7039,0.1908,0.1728,0.2067,5.82,
2026-02-21,2026-02-21T23:59:00+05:00,2026-02-21_c2cc8029,False,2026-02-22T10:00,1,1,0.3601,0.0385,0.8645,0.3791,0.3679,0.4043,7.27,
2026-02-21,2026-02-21T23:59:00+05:00,2026-02-21_c2cc8029,False,2026-02-22T11:00,1,1,0.7238,0.2978,0.9963,0.7061,0.7351,0.5423,8.18,
2026-02-21,2026-02-21T23:59:00+05:00,2026-02-21_c2cc8029,False,2026-02-22T12:00,1,1,0.9326,0.5815,1.0,0.888,0.9069,0.7025,9.25,
2026-02-21,2026-02-21T23:59:00+05:00,2026-02-21_c2cc8029,False,2026-02-22T13:00,1,1,0.9869,0.6099,1.0,0.9715,0.9316,0.6918,9.18,
2026-02-21,2026-02-21T23:59:00+05:00,2026-02-21_c2cc8029,False,2026-02-22T14:00,1,1,0.8588,0.4905,1.0,0.8783,0.8323,0.5832,8.45,
2026-02-21,2026-02-21T23:59:00+05:00,2026-02-21_c2cc8029,False,2026-02-22T15:00,1,1,0.7718,0.4365,1.0,0.8072,0.8372,0.5226,8.05,
2026-02-21,2026-02-21T23:59:00+05:00,2026-02-21_c2cc8029,False,2026-02-22T16:00,1,1,0.663,0.381,0.9985,0.6923,0.6476,0.4678,7.68,
2026-02-21,2026-02-21T23:59:00+05:00,2026-02-21_c2cc8029,False,2026-02-22T17:00,1,2,0.7842,0.2548,1.0,0.8081,0.7775,0.459,7.62,
2026-02-21,2026-02-21T23:59:00+05:00,2026-02-21_c2cc8029,False,2026-02-22T18:00,1,2,0.6377,0.1463,1.0,0.7776,0.6582,0.229,6.03,
2026-02-21,2026-02-21T23:59:00+05:00,2026-02-21_c2cc8029,False,2026-02-22T19:00,1,2,0.5245,0.0649,0.895,0.5807,0.5403,0.0952,4.43,
2026-02-21,2026-02-21T23:59:00+05:00,2026-02-21_c2cc8029,False,2026-02-22T20:00,1,2,0.3747,0.0642,0.7425,0.4275,0.4126,0.0731,4.04,
2026-02-21,2026-02-21T23:59:00+05:00,2026-02-21_c2cc8029,False,2026-02-22T21:00,1,2,0.2994,0.0285,0.6357,0.3404,0.2641,0.0759,4.09,
2026-02-21,2026-02-21T23:59:00+05:00,2026-02-21_c2cc8029,False,2026-02-22T22:00,1,2,0.1968,0.0084,0.5309,0.211,0.1793,0.0878,4.3,
2026-02-21,2026-02-21T23:59:00+05:00,2026-02-21_c2cc8029,False,2026-02-22T23:00,1,2,0.4154,0.0406,0.8121,0.4668,0.37,0.0274,2.93,
2026-02-21,2026-02-21T23:59:00+05:00,2026-02-21_c2cc8029,False,2026-02-23T00:00,2,2,0.4301,0.0282,0.8398,0.4975,0.4138,0.01,1.61,
2026-02-21,2026-02-21T23:59:00+05:00,2026-02-21_c2cc8029,False,2026-02-23T01:00,2,2,0.2657,0.032,0.6744,0.265,0.2703,0.01,1.37,
2026-02-21,2026-02-21T23:59:00+05:00,2026-02-21_c2cc8029,False,2026-02-23T02:00,2,2,0.1321,0.001,0.5145,0.1428,0.1519,0.01,1.55,
2026-02-21,2026-02-21T23:59:00+05:00,2026-02-21_c2cc8029,False,2026-02-23T03:00,2,2,0.0312,0.0002,0.2389,0.0245,0.045,0.01,1.95,
2026-02-21,2026-02-21T23:59:00+05:00,2026-02-21_c2cc8029,False,2026-02-23T04:00,2,2,0.0,0.0,0.1253,0.0054,0.0098,0.01,2.0,
2026-02-21,2026-02-21T23:59:00+05:00,2026-02-21_c2cc8029,False,2026-02-23T05:00,2,2,0.0122,0.009,0.2043,0.0182,0.0174,0.0292,3.0,
2026-02-21,2026-02-21T23:59:00+05:00,2026-02-21_c2cc8029,False,2026-02-23T06:00,2,2,0.0135,0.0092,0.1871,0.0188,0.0166,0.0627,3.82,
2026-02-21,2026-02-21T23:59:00+05:00,2026-02-21_c2cc8029,False,2026-02-23T07:00,2,2,0.0198,0.0093,0.1752,0.0126,0.0175,0.0551,3.65,
2026-02-21,2026-02-21T23:59:00+05:00,2026-02-21_c2cc8029,False,2026-02-23T08:00,2,2,0.0013,0.0009,0.2192,0.0123,0.0103,0.0453,3.42,
2026-02-21,2026-02-21T23:59:00+05:00,2026-02-21_c2cc8029,False,2026-02-23T09:00,2,2,0.0108,0.0083,0.1838,0.0178,0.023,0.0391,3.26,
2026-02-21,2026-02-21T23:59:00+05:00,2026-02-21_c2cc8029,False,2026-02-23T10:00,2,2,0.0414,0.0084,0.2561,0.0553,0.0677,0.0542,3.63,
2026-02-21,2026-02-21T23:59:00+05:00,2026-02-21_c2cc8029,False,2026-02-23T11:00,2,2,0.079,0.0081,0.3591,0.0672,0.0923,0.1256,4.94,
2026-02-21,2026-02-21T23:59:00+05:00,2026-02-21_c2cc8029,False,2026-02-23T12:00,2,2,0.1355,0.0074,0.6229,0.1282,0.1275,0.2685,6.33,
2026-02-21,2026-02-21T23:59:00+05:00,2026-02-21_c2cc8029,False,2026-02-23T13:00,2,2,0.2014,0.0215,0.7852,0.2298,0.2,0.3216,6.72,
2026-02-21,2026-02-21T23:59:00+05:00,2026-02-21_c2cc8029,False,2026-02-23T14:00,2,2,0.2666,0.0822,0.8324,0.2547,0.2564,0.4855,7.8,
2026-02-21,2026-02-21T23:59:00+05:00,2026-02-21_c2cc8029,False,2026-02-23T15:00,2,2,0.3899,0.1005,0.8829,0.3633,0.42,0.6612,8.98,
2026-02-21,2026-02-21T23:59:00+05:00,2026-02-21_c2cc8029,False,2026-02-23T16:00,2,2,0.5005,0.103,0.9791,0.449,0.4917,0.7209,9.37,
2026-02-21,2026-02-21T23:59:00+05:00,2026-02-21_c2cc8029,False,2026-02-23T17:00,2,3,0.2722,0.0157,0.8128,0.3001,0.2665,0.3412,6.86,
2026-02-21,2026-02-21T23:59:00+05:00,2026-02-21_c2cc8029,False,2026-02-23T18:00,2,3,0.3644,0.0622,0.8908,0.3557,0.363,0.5832,8.45,
2026-02-21,2026-02-21T23:59:00+05:00,2026-02-21_c2cc8029,False,2026-02-23T19:00,2,3,0.6106,0.1645,0.9955,0.629,0.6373,0.7577,9.62,
2026-02-21,2026-02-21T23:59:00+05:00,2026-02-21_c2cc8029,False,2026-02-23T20:00,2,3,0.9134,0.4589,1.0,0.904,0.9316,0.9236,10.96,
2026-02-21,2026-02-21T23:59:00+05:00,2026-02-21_c2cc8029,False,2026-02-23T21:00,2,3,0.9334,0.5624,1.0,0.9061,0.9421,0.9039,10.76,
2026-02-21,2026-02-21T23:59:00+05:00,2026-02-21_c2cc8029,False,2026-02-23T22:00,2,3,0.9231,0.5658,1.0,0.916,0.9316,0.8408,10.22,
2026-02-21,2026-02-21T23:59:00+05:00,2026-02-21_c2cc8029,False,2026-02-23T23:00,2,3,0.9106,0.5496,1.0,0.8993,0.9176,0.6348,8.8,
2026-02-22,2026-02-22T23:59:00+05:00,2026-02-22_cb8c797c,False,2026-02-23T00:00,1,1,0.0269,0.0096,0.1973,0.0354,0.0689,0.0104,2.03,
2026-02-22,2026-02-22T23:59:00+05:00,2026-02-22_cb8c797c,False,2026-02-23T01:00,1,1,0.027,0.0093,0.1892,0.0341,0.0473,0.01,1.57,
2026-02-22,2026-02-22T23:59:00+05:00,2026-02-22_cb8c797c,False,2026-02-23T02:00,1,1,0.0315,0.0073,0.177,0.0318,0.0522,0.01,1.45,
2026-02-22,2026-02-22T23:59:00+05:00,2026-02-22_cb8c797c,False,2026-02-23T03:00,1,1,0.0259,0.0074,0.1774,0.0267,0.0352,0.0101,2.01,
2026-02-22,2026-02-22T23:59:00+05:00,2026-02-22_cb8c797c,False,2026-02-23T04:00,1,1,0.0174,0.0091,0.2021,0.0235,0.0255,0.01,1.25,
2026-02-22,2026-02-22T23:59:00+05:00,2026-02-22_cb8c797c,False,2026-02-23T05:00,1,1,0.0043,0.0039,0.2053,0.0109,0.0178,0.01,1.0,
2026-02-22,2026-02-22T23:59:00+05:00,2026-02-22_cb8c797c,False,2026-02-23T06:00,1,1,0.0072,0.0068,0.1543,0.0102,0.0145,0.0131,2.23,
2026-02-22,2026-02-22T23:59:00+05:00,2026-02-22_cb8c797c,False,2026-02-23T07:00,1,1,0.0097,0.0086,0.1529,0.0126,0.0143,0.0659,3.89,
2026-02-22,2026-02-22T23:59:00+05:00,2026-02-22_cb8c797c,False,2026-02-23T08:00,1,1,0.0126,0.0085,0.12,0.0126,0.0144,0.0867,4.28,
2026-02-22,2026-02-22T23:59:00+05:00,2026-02-22_cb8c797c,False,2026-02-23T09:00,1,1,0.0289,0.0,0.291,0.0334,0.0212,0.0742,4.06,
2026-02-22,2026-02-22T23:59:00+05:00,2026-02-22_cb8c797c,False,2026-02-23T10:00,1,1,0.0653,0.0006,0.2542,0.0519,0.0615,0.0725,4.03,
2026-02-22,2026-02-22T23:59:00+05:00,2026-02-22_cb8c797c,False,2026-02-23T11:00,1,1,0.0895,0.0,0.284,0.0723,0.1197,0.1052,4.6,
2026-02-22,2026-02-22T23:59:00+05:00,2026-02-22_cb8c797c,False,2026-02-23T12:00,1,1,0.1433,0.0065,0.3946,0.1461,0.1619,0.0907,4.35,
2026-02-22,2026-02-22T23:59:00+05:00,2026-02-22_cb8c797c,False,2026-02-23T13:00,1,1,0.2489,0.0313,0.671,0.2583,0.2642,0.1364,5.08,
2026-02-22,2026-02-22T23:59:00+05:00,2026-02-22_cb8c797c,False,2026-02-23T14:00,1,1,0.3181,0.061,0.8072,0.3094,0.3019,0.2843,6.45,
2026-02-22,2026-02-22T23:59:00+05:00,2026-02-22_cb8c797c,False,2026-02-23T15:00,1,1,0.3439,0.0557,0.8706,0.373,0.3639,0.3048,6.6,
2026-02-22,2026-02-22T23:59:00+05:00,2026-02-22_cb8c797c,False,2026-02-23T16:00,1,1,0.4525,0.079,0.9489,0.4266,0.4679,0.5908,8.5,
2026-02-22,2026-02-22T23:59:00+05:00,2026-02-22_cb8c797c,False,2026-02-23T17:00,1,2,0.7827,0.3161,1.0,0.7724,0.75,0.8042,9.95,
2026-02-22,2026-02-22T23:59:00+05:00,2026-02-22_cb8c797c,False,2026-02-23T18:00,1,2,0.8976,0.4172,1.0,0.8998,0.8882,0.8757,10.48,
2026-02-22,2026-02-22T23:59:00+05:00,2026-02-22_cb8c797c,False,2026-02-23T19:00,1,2,0.9314,0.5503,1.0,0.9186,0.8968,0.8528,10.31,
2026-02-22,2026-02-22T23:59:00+05:00,2026-02-22_cb8c797c,False,2026-02-23T20:00,1,2,0.9322,0.706,1.0,0.9055,0.9447,0.8528,10.31,
2026-02-22,2026-02-22T23:59:00+05:00,2026-02-22_cb8c797c,False,2026-02-23T21:00,1,2,0.9379,0.7236,0.9909,0.9194,0.9458,0.8622,10.38,
2026-02-22,2026-02-22T23:59:00+05:00,2026-02-22_cb8c797c,False,2026-02-23T22:00,1,2,0.9461,0.7989,0.9925,0.9707,0.9671,0.7944,9.88,
2026-02-22,2026-02-22T23:59:00+05:00,2026-02-22_cb8c797c,False,2026-02-23T23:00,1,2,0.948,0.7268,0.9926,0.9788,0.9655,0.7479,9.55,
2026-02-22,2026-02-22T23:59:00+05:00,2026-02-22_cb8c797c,False,2026-02-24T00:00,2,2,0.9576,0.6673,0.9912,0.935,0.9158,0.7549,9.6,
2026-02-22,2026-02-22T23:59:00+05:00,2026-02-22_cb8c797c,False,2026-02-24T01:00,2,2,0.8904,0.6272,1.0,0.8961,0.8879,0.6026,8.58,
2026-02-22,2026-02-22T23:59:00+05:00,2026-02-22_cb8c797c,False,2026-02-24T02:00,2,2,0.8594,0.3949,0.9962,0.8755,0.8456,0.5317,8.11,
2026-02-22,2026-02-22T23:59:00+05:00,2026-02-22_cb8c797c,False,2026-02-24T03:00,2,2,0.8497,0.4436,0.9996,0.8483,0.8548,0.5211,8.04,
2026-02-22,2026-02-22T23:59:00+05:00,2026-02-22_cb8c797c,False,2026-02-24T04:00,2,2,0.8607,0.4782,1.0,0.8748,0.8451,0.5726,8.38,
2026-02-22,2026-02-22T23:59:00+05:00,2026-02-22_cb8c797c,False,2026-02-24T05:00,2,2,0.8515,0.4482,0.9995,0.8995,0.8361,0.6378,8.82,
2026-02-22,2026-02-22T23:59:00+05:00,2026-02-22_cb8c797c,False,2026-02-24T06:00,2,2,0.7992,0.3672,0.9856,0.7623,0.7706,0.6202,8.7,
2026-02-22,2026-02-22T23:59:00+05:00,2026-02-22_cb8c797c,False,2026-02-24T07:00,2,2,0.6661,0.2832,0.9475,0.6858,0.683,0.6128,8.65,
2026-02-22,2026-02-22T23:59:00+05:00,2026-02-22_cb8c797c,False,2026-02-24T08:00,2,2,0.5398,0.1566,0.9565,0.5215,0.5902,0.3962,7.22,
2026-02-22,2026-02-22T23:59:00+05:00,2026-02-22_cb8c797c,False,2026-02-24T09:00,2,2,0.4171,0.1216,0.9127,0.4982,0.4774,0.3496,6.92,
2026-02-22,2026-02-22T23:59:00+05:00,2026-02-22_cb8c797c,False,2026-02-24T10:00,2,2,0.4128,0.1412,0.8934,0.49,0.3745,0.3132,6.66,
2026-02-22,2026-02-22T23:59:00+05:00,2026-02-22_cb8c797c,False,2026-02-24T11:00,2,2,0.4708,0.1464,0.9168,0.516,0.4505,0.3833,7.14,
2026-02-22,2026-02-22T23:59:00+05:00,2026-02-22_cb8c797c,False,2026-02-24T12:00,2,2,0.4376,0.1608,0.9116,0.4993,0.4982,0.3286,6.77,
2026-02-22,2026-02-22T23:59:00+05:00,2026-02-22_cb8c797c,False,2026-02-24T13:00,2,2,0.4491,0.1669,0.9086,0.4726,0.4789,0.2553,6.23,
2026-02-22,2026-02-22T23:59:00+05:00,2026-02-22_cb8c797c,False,2026-02-24T14:00,2,2,0.4665,0.1438,0.9101,0.4697,0.4984,0.1945,5.7,
2026-02-22,2026-02-22T23:59:00+05:00,2026-02-22_cb8c797c,False,2026-02-24T15:00,2,2,0.3929,0.1267,0.8811,0.3951,0.3644,0.1262,4.95,
2026-02-22,2026-02-22T23:59:00+05:00,2026-02-22_cb8c797c,False,2026-02-24T16:00,2,2,0.3511,0.0409,0.8818,0.3598,0.2988,0.0998,4.51,
2026-02-22,2026-02-22T23:59:00+05:00,2026-02-22_cb8c797c,False,2026-02-24T17:00,2,3,0.3026,0.0465,0.6841,0.3375,0.3064,0.0748,4.07,
2026-02-22,2026-02-22T23:59:00+05:00,2026-02-22_cb8c797c,False,2026-02-24T18:00,2,3,0.2332,0.037,0.628,0.259,0.2661,0.0457,3.43,
2026-02-22,2026-02-22T23:59:00+05:00,2026-02-22_cb8c797c,False,2026-02-24T19:00,2,3,0.1672,0.0103,0.5503,0.158,0.1377,0.0229,2.75,
2026-02-22,2026-02-22T23:59:00+05:00,2026-02-22_cb8c797c,False,2026-02-24T20:00,2,3,0.0683,0.0054,0.2711,0.0902,0.0655,0.01,1.86,
2026-02-22,2026-02-22T23:59:00+05:00,2026-02-22_cb8c797c,False,2026-02-24T21:00,2,3,0.0324,0.0111,0.1185,0.0285,0.0142,0.01,1.63,
2026-02-22,2026-02-22T23:59:00+05:00,2026-02-22_cb8c797c,False,2026-02-24T22:00,2,3,0.0208,0.0092,0.1639,0.0202,0.0151,0.0113,2.1,
2026-02-22,2026-02-22T23:59:00+05:00,2026-02-22_cb8c797c,False,2026-02-24T23:00,2,3,0.0313,0.0092,0.2032,0.0247,0.0123,0.0958,4.44,
2026-02-23,2026-02-23T23:59:00+05:00,2026-02-23_53f6284c,False,2026-02-24T00:00,1,1,0.9702,0.7936,1.0,0.9725,0.9364,0.8042,9.95,
2026-02-23,2026-02-23T23:59:00+05:00,2026-02-23_53f6284c,False,2026-02-24T01:00,1,1,0.961,0.6689,1.0,0.9424,0.9717,0.6795,9.1,
2026-02-23,2026-02-23T23:59:00+05:00,2026-02-23_53f6284c,False,2026-02-24T02:00,1,1,0.9218,0.499,1.0,0.9051,0.9009,0.5802,8.43,
2026-02-23,2026-02-23T23:59:00+05:00,2026-02-23_53f6284c,False,2026-02-24T03:00,1,1,0.8442,0.3829,0.9966,0.8581,0.8566,0.5195,8.03,
2026-02-23,2026-02-23T23:59:00+05:00,2026-02-23_53f6284c,False,2026-02-24T04:00,1,1,0.8194,0.3589,0.9802,0.8236,0.8116,0.4988,7.89,
2026-02-23,2026-02-23T23:59:00+05:00,2026-02-23_53f6284c,False,2026-02-24T05:00,1,1,0.6046,0.1958,0.9591,0.6711,0.6372,0.3673,7.04,
2026-02-23,2026-02-23T23:59:00+05:00,2026-02-23_53f6284c,False,2026-02-24T06:00,1,1,0.594,0.1791,0.9591,0.6175,0.6205,0.3817,7.13,
2026-02-23,2026-02-23T23:59:00+05:00,2026-02-23_53f6284c,False,2026-02-24T07:00,1,1,0.4921,0.0906,0.9142,0.5263,0.5395,0.3594,6.99,
2026-02-23,2026-02-23T23:59:00+05:00,2026-02-23_53f6284c,False,2026-02-24T08:00,1,1,0.4903,0.0505,0.8986,0.4896,0.4895,0.3132,6.66,
2026-02-23,2026-02-23T23:59:00+05:00,2026-02-23_53f6284c,False,2026-02-24T09:00,1,1,0.414,0.0308,0.883,0.4797,0.4637,0.3048,6.6,
2026-02-23,2026-02-23T23:59:00+05:00,2026-02-23_53f6284c,False,2026-02-24T10:00,1,1,0.4031,0.0496,0.8762,0.46,0.4083,0.3244,6.74,
2026-02-23,2026-02-23T23:59:00+05:00,2026-02-23_53f6284c,False,2026-02-24T11:00,1,1,0.3749,0.0592,0.8577,0.3919,0.3812,0.2097,5.85,
2026-02-23,2026-02-23T23:59:00+05:00,2026-02-23_53f6284c,False,2026-02-24T12:00,1,1,0.3827,0.1598,0.8771,0.4161,0.4276,0.2448,6.15,
2026-02-23,2026-02-23T23:59:00+05:00,2026-02-23_53f6284c,False,2026-02-24T13:00,1,1,0.4032,0.1532,0.8844,0.4214,0.4087,0.2448,6.15,
2026-02-23,2026-02-23T23:59:00+05:00,2026-02-23_53f6284c,False,2026-02-24T14:00,1,1,0.4327,0.078,0.8798,0.4088,0.4135,0.2276,6.02,
2026-02-23,2026-02-23T23:59:00+05:00,2026-02-23_53f6284c,False,2026-02-24T15:00,1,1,0.4319,0.058,0.8998,0.4026,0.3949,0.2016,5.77,
2026-02-23,2026-02-23T23:59:00+05:00,2026-02-23_53f6284c,False,2026-02-24T16:00,1,1,0.3376,0.0548,0.8638,0.38,0.3388,0.1328,5.04,
2026-02-23,2026-02-23T23:59:00+05:00,2026-02-23_53f6284c,False,2026-02-24T17:00,1,2,0.3429,0.0408,0.8136,0.3443,0.3407,0.0555,3.66,
2026-02-23,2026-02-23T23:59:00+05:00,2026-02-23_53f6284c,False,2026-02-24T18:00,1,2,0.1327,0.0265,0.7183,0.123,0.1281,0.0242,2.8,
2026-02-23,2026-02-23T23:59:00+05:00,2026-02-23_53f6284c,False,2026-02-24T19:00,1,2,0.0879,0.01,0.625,0.1023,0.093,0.01,1.84,
2026-02-23,2026-02-23T23:59:00+05:00,2026-02-23_53f6284c,False,2026-02-24T20:00,1,2,0.0716,0.0061,0.3864,0.0986,0.0795,0.01,0.81,
2026-02-23,2026-02-23T23:59:00+05:00,2026-02-23_53f6284c,False,2026-02-24T21:00,1,2,0.078,0.0051,0.2986,0.0789,0.0615,0.0112,2.09,
2026-02-23,2026-02-23T23:59:00+05:00,2026-02-23_53f6284c,False,2026-02-24T22:00,1,2,0.0214,0.0087,0.2249,0.0331,0.0137,0.0322,3.08,
2026-02-23,2026-02-23T23:59:00+05:00,2026-02-23_53f6284c,False,2026-02-24T23:00,1,2,0.0178,0.009,0.1318,0.0197,0.0108,0.0123,2.17,
2026-02-23,2026-02-23T23:59:00+05:00,2026-02-23_53f6284c,False,2026-02-25T00:00,2,2,0.0126,0.0089,0.0997,0.0102,0.012,0.01,1.82,
2026-02-23,2026-02-23T23:59:00+05:00,2026-02-23_53f6284c,False,2026-02-25T01:00,2,2,0.0101,0.0088,0.0954,0.0073,0.0095,0.0242,2.8,
2026-02-23,2026-02-23T23:59:00+05:00,2026-02-23_53f6284c,False,2026-02-25T02:00,2,2,0.0162,0.0073,0.1752,0.0077,0.0145,0.0636,3.84,
2026-02-23,2026-02-23T23:59:00+05:00,2026-02-23_53f6284c,False,2026-02-25T03:00,2,2,0.0437,0.0,0.2881,0.0345,0.0294,0.1214,4.87,
2026-02-23,2026-02-23T23:59:00+05:00,2026-02-23_53f6284c,False,2026-02-25T04:00,2,2,0.0864,0.0,0.3843,0.0759,0.0659,0.167,5.42,
2026-02-23,2026-02-23T23:59:00+05:00,2026-02-23_53f6284c,False,2026-02-25T05:00,2,2,0.1501,0.0,0.5528,0.1796,0.1388,0.1996,5.75,
2026-02-23,2026-02-23T23:59:00+05:00,2026-02-23_53f6284c,False,2026-02-25T06:00,2,2,0.1863,0.0,0.6963,0.2422,0.2422,0.2448,6.15,
2026-02-23,2026-02-23T23:59:00+05:00,2026-02-23_53f6284c,False,2026-02-25T07:00,2,2,0.2159,0.0159,0.7688,0.2077,0.2108,0.2816,6.43,
2026-02-23,2026-02-23T23:59:00+05:00,2026-02-23_53f6284c,False,2026-02-25T08:00,2,2,0.2571,0.0123,0.9205,0.2834,0.245,0.279,6.41,
2026-02-23,2026-02-23T23:59:00+05:00,2026-02-23_53f6284c,False,2026-02-25T09:00,2,2,0.3473,0.0213,0.9266,0.3217,0.3889,0.2843,6.45,
2026-02-23,2026-02-23T23:59:00+05:00,2026-02-23_53f6284c,False,2026-02-25T10:00,2,2,0.4067,0.1026,0.8851,0.4302,0.406,0.351,6.93,
2026-02-23,2026-02-23T23:59:00+05:00,2026-02-23_53f6284c,False,2026-02-25T11:00,2,2,0.5964,0.1297,0.9351,0.5934,0.6029,0.3342,6.81,
2026-02-23,2026-02-23T23:59:00+05:00,2026-02-23_53f6284c,False,2026-02-25T12:00,2,2,0.5988,0.1743,0.9295,0.602,0.6524,0.3468,6.9,
2026-02-23,2026-02-23T23:59:00+05:00,2026-02-23_53f6284c,False,2026-02-25T13:00,2,2,0.5281,0.125,0.8743,0.5042,0.4921,0.2829,6.44,
2026-02-23,2026-02-23T23:59:00+05:00,2026-02-23_53f6284c,False,2026-02-25T14:00,2,2,0.4255,0.0563,0.8192,0.4569,0.4162,0.2179,5.93,
2026-02-23,2026-02-23T23:59:00+05:00,2026-02-23_53f6284c,False,2026-02-25T15:00,2,2,0.3471,0.0139,0.7126,0.3332,0.264,0.158,5.32,
2026-02-23,2026-02-23T23:59:00+05:00,2026-02-23_53f6284c,False,2026-02-25T16:00,2,2,0.2414,0.0165,0.6129,0.2515,0.2458,0.167,5.42,
2026-02-23,2026-02-23T23:59:00+05:00,2026-02-23_53f6284c,False,2026-02-25T17:00,2,3,0.3102,0.0246,0.7829,0.3014,0.2645,0.1226,4.89,
2026-02-23,2026-02-23T23:59:00+05:00,2026-02-23_53f6284c,False,2026-02-25T18:00,2,3,0.2961,0.0217,0.8435,0.3137,0.3071,0.1172,4.8,
2026-02-23,2026-02-23T23:59:00+05:00,2026-02-23_53f6284c,False,2026-02-25T19:00,2,3,0.3155,0.0267,0.8297,0.3212,0.2884,0.089,4.32,
2026-02-23,2026-02-23T23:59:00+05:00,2026-02-23_53f6284c,False,2026-02-25T20:00,2,3,0.339,0.0449,0.806,0.3363,0.2887,0.0992,4.5,
2026-02-23,2026-02-23T23:59:00+05:00,2026-02-23_53f6284c,False,2026-02-25T21:00,2,3,0.4102,0.0705,0.8719,0.4308,0.3532,0.1445,5.17,
2026-02-23,2026-02-23T23:59:00+05:00,2026-02-23_53f6284c,False,2026-02-25T22:00,2,3,0.5589,0.1045,1.0,0.5736,0.5422,0.2057,5.81,
2026-02-23,2026-02-23T23:59:00+05:00,2026-02-23_53f6284c,False,2026-02-25T23:00,2,3,0.6971,0.3256,0.9972,0.6105,0.6842,0.3356,6.82,
2026-02-24,2026-02-24T23:59:00+05:00,2026-02-24_065bccf6,False,2026-02-25T00:00,1,1,0.0169,0.0091,0.102,0.0112,0.0106,0.01,1.46,
2026-02-24,2026-02-24T23:59:00+05:00,2026-02-24_065bccf6,False,2026-02-25T01:00,1,1,0.0083,0.0079,0.0462,0.01,0.0079,0.01,1.33,
2026-02-24,2026-02-24T23:59:00+05:00,2026-02-24_065bccf6,False,2026-02-25T02:00,1,1,0.0094,0.009,0.0608,0.0089,0.0086,0.012,2.15,
2026-02-24,2026-02-24T23:59:00+05:00,2026-02-24_065bccf6,False,2026-02-25T03:00,1,1,0.0074,0.007,0.1169,0.0093,0.0082,0.043,3.36,
2026-02-24,2026-02-24T23:59:00+05:00,2026-02-24_065bccf6,False,2026-02-25T04:00,1,1,0.0212,0.0105,0.0987,0.0254,0.022,0.0445,3.4,
2026-02-24,2026-02-24T23:59:00+05:00,2026-02-24_065bccf6,False,2026-02-25T05:00,1,1,0.0422,0.0007,0.1884,0.026,0.0204,0.0587,3.73,
2026-02-24,2026-02-24T23:59:00+05:00,2026-02-24_065bccf6,False,2026-02-25T06:00,1,1,0.0745,0.0,0.2088,0.0692,0.0492,0.0537,3.62,
2026-02-24,2026-02-24T23:59:00+05:00,2026-02-24_065bccf6,False,2026-02-25T07:00,1,1,0.0799,0.0,0.3683,0.1011,0.1023,0.0663,3.9,
2026-02-24,2026-02-24T23:59:00+05:00,2026-02-24_065bccf6,False,2026-02-25T08:00,1,1,0.0975,0.0,0.4606,0.1332,0.1245,0.0636,3.84,
2026-02-24,2026-02-24T23:59:00+05:00,2026-02-24_065bccf6,False,2026-02-25T09:00,1,1,0.0753,0.0004,0.3241,0.0775,0.1049,0.0395,3.27,
2026-02-24,2026-02-24T23:59:00+05:00,2026-02-24_065bccf6,False,2026-02-25T10:00,1,1,0.0638,0.0117,0.2786,0.0675,0.0646,0.0295,3.01,
2026-02-24,2026-02-24T23:59:00+05:00,2026-02-24_065bccf6,False,2026-02-25T11:00,1,1,0.0107,0.0103,0.2116,0.0199,0.0172,0.0119,2.14,
2026-02-24,2026-02-24T23:59:00+05:00,2026-02-24_065bccf6,False,2026-02-25T12:00,1,1,0.0371,0.01,0.206,0.0264,0.0317,0.01,1.99,
2026-02-24,2026-02-24T23:59:00+05:00,2026-02-24_065bccf6,False,2026-02-25T13:00,1,1,0.0252,0.0091,0.2083,0.0203,0.0275,0.012,2.15,
2026-02-24,2026-02-24T23:59:00+05:00,2026-02-24_065bccf6,False,2026-02-25T14:00,1,1,0.0237,0.0092,0.1488,0.0212,0.0184,0.01,1.94,
2026-02-24,2026-02-24T23:59:00+05:00,2026-02-24_065bccf6,False,2026-02-25T15:00,1,1,0.0378,0.0092,0.0936,0.0236,0.018,0.01,1.61,
2026-02-24,2026-02-24T23:59:00+05:00,2026-02-24_065bccf6,False,2026-02-25T16:00,1,1,0.0545,0.0092,0.2073,0.0394,0.0241,0.01,1.79,
2026-02-24,2026-02-24T23:59:00+05:00,2026-02-24_065bccf6,False,2026-02-25T17:00,1,2,0.1667,0.0008,0.5341,0.118,0.131,0.0279,2.95,
2026-02-24,2026-02-24T23:59:00+05:00,2026-02-24_065bccf6,False,2026-02-25T18:00,1,2,0.1941,0.0034,0.5543,0.1622,0.164,0.0441,3.39,
2026-02-24,2026-02-24T23:59:00+05:00,2026-02-24_065bccf6,False,2026-02-25T19:00,1,2,0.1934,0.0061,0.5374,0.1826,0.1945,0.0681,3.94,
2026-02-24,2026-02-24T23:59:00+05:00,2026-02-24_065bccf6,False,2026-02-25T20:00,1,2,0.2966,0.0095,0.7041,0.2954,0.2888,0.1136,4.74,
2026-02-24,2026-02-24T23:59:00+05:00,2026-02-24_065bccf6,False,2026-02-25T21:00,1,2,0.5545,0.0921,1.0,0.5975,0.5375,0.1544,5.28,
2026-02-24,2026-02-24T23:59:00+05:00,2026-02-24_065bccf6,False,2026-02-25T22:00,1,2,0.4896,0.1596,1.0,0.5023,0.5724,0.2645,6.3,
2026-02-24,2026-02-24T23:59:00+05:00,2026-02-24_065bccf6,False,2026-02-25T23:00,1,2,0.6271,0.296,1.0,0.6143,0.5378,0.3978,7.23,
2026-02-24,2026-02-24T23:59:00+05:00,2026-02-24_065bccf6,False,2026-02-26T00:00,2,2,0.6765,0.3603,0.9819,0.6864,0.6844,0.3552,6.96,
2026-02-24,2026-02-24T23:59:00+05:00,2026-02-24_065bccf6,False,2026-02-26T01:00,2,2,0.6461,0.3703,0.9832,0.6168,0.6881,0.3866,7.16,
2026-02-24,2026-02-24T23:59:00+05:00,2026-02-24_065bccf6,False,2026-02-26T02:00,2,2,0.6908,0.3786,0.9843,0.7471,0.7171,0.4107,7.31,
2026-02-24,2026-02-24T23:59:00+05:00,2026-02-24_065bccf6,False,2026-02-26T03:00,2,2,0.7265,0.3557,0.9862,0.7335,0.7562,0.4442,7.52,
2026-02-24,2026-02-24T23:59:00+05:00,2026-02-24_065bccf6,False,2026-02-26T04:00,2,2,0.6625,0.2351,1.0,0.661,0.6946,0.3946,7.21,
2026-02-24,2026-02-24T23:59:00+05:00,2026-02-24_065bccf6,False,2026-02-26T05:00,2,2,0.5959,0.2014,0.9824,0.5916,0.6106,0.2067,5.82,
2026-02-24,2026-02-24T23:59:00+05:00,2026-02-24_065bccf6,False,2026-02-26T06:00,2,2,0.5341,0.2001,0.9845,0.5069,0.5514,0.3624,7.01,
2026-02-24,2026-02-24T23:59:00+05:00,2026-02-24_065bccf6,False,2026-02-26T07:00,2,2,0.3599,0.1155,0.946,0.4239,0.4087,0.3721,7.07,
2026-02-24,2026-02-24T23:59:00+05:00,2026-02-24_065bccf6,False,2026-02-26T08:00,2,2,0.4908,0.1267,0.9836,0.4354,0.5346,0.3188,6.7,
2026-02-24,2026-02-24T23:59:00+05:00,2026-02-24_065bccf6,False,2026-02-26T09:00,2,2,0.2623,0.0116,0.8341,0.2445,0.2766,0.0242,2.8,
2026-02-24,2026-02-24T23:59:00+05:00,2026-02-24_065bccf6,False,2026-02-26T10:00,2,2,0.2073,0.0144,0.6025,0.1908,0.1822,0.4708,7.7,
2026-02-24,2026-02-24T23:59:00+05:00,2026-02-24_065bccf6,False,2026-02-26T11:00,2,2,0.4666,0.081,0.8989,0.5118,0.5108,0.3801,7.12,
2026-02-24,2026-02-24T23:59:00+05:00,2026-02-24_065bccf6,False,2026-02-26T12:00,2,2,0.4367,0.1192,0.8285,0.4437,0.4407,0.1864,5.62,
2026-02-24,2026-02-24T23:59:00+05:00,2026-02-24_065bccf6,False,2026-02-26T13:00,2,2,0.3366,0.0592,0.8241,0.2893,0.2834,0.1782,5.54,
2026-02-24,2026-02-24T23:59:00+05:00,2026-02-24_065bccf6,False,2026-02-26T14:00,2,2,0.3086,0.0897,0.7888,0.3631,0.3642,0.0958,4.44,
2026-02-24,2026-02-24T23:59:00+05:00,2026-02-24_065bccf6,False,2026-02-26T15:00,2,2,0.4318,0.0879,0.8855,0.4354,0.4573,0.0969,4.46,
2026-02-24,2026-02-24T23:59:00+05:00,2026-02-24_065bccf6,False,2026-02-26T16:00,2,2,0.4522,0.0958,0.9101,0.4456,0.4909,0.0681,3.94,
2026-02-24,2026-02-24T23:59:00+05:00,2026-02-24_065bccf6,False,2026-02-26T17:00,2,3,0.8426,0.4352,0.9786,0.7821,0.8035,0.6994,9.23,
2026-02-24,2026-02-24T23:59:00+05:00,2026-02-24_065bccf6,False,2026-02-26T18:00,2,3,0.968,0.6017,1.0,0.9407,0.9486,0.7479,9.55,
2026-02-24,2026-02-24T23:59:00+05:00,2026-02-24_065bccf6,False,2026-02-26T19:00,2,3,0.9906,0.7193,0.999,0.9428,0.95,0.8314,10.15,
2026-02-24,2026-02-24T23:59:00+05:00,2026-02-24_065bccf6,False,2026-02-26T20:00,2,3,0.9834,0.7443,0.9925,0.9436,0.9545,0.518,8.02,
2026-02-24,2026-02-24T23:59:00+05:00,2026-02-24_065bccf6,False,2026-02-26T21:00,2,3,0.9123,0.6451,0.9917,0.9694,0.9325,0.5302,8.1,
2026-02-24,2026-02-24T23:59:00+05:00,2026-02-24_065bccf6,False,2026-02-26T22:00,2,3,0.8825,0.5507,1.0,0.9407,0.9011,0.4781,7.75,
2026-02-24,2026-02-24T23:59:00+05:00,2026-02-24_065bccf6,False,2026-02-26T23:00,2,3,0.8441,0.3965,0.9909,0.9014,0.7887,0.5256,8.07,
2026-02-25,2026-02-25T23:59:00+05:00,2026-02-25_a3e0ae71,False,2026-02-26T00:00,1,1,0.6816,0.2759,0.9899,0.6279,0.6389,0.4075,7.29,
2026-02-25,2026-02-25T23:59:00+05:00,2026-02-25_a3e0ae71,False,2026-02-26T01:00,1,1,0.6867,0.3236,0.9938,0.7063,0.7127,0.4619,7.64,
2026-02-25,2026-02-25T23:59:00+05:00,2026-02-25_a3e0ae71,False,2026-02-26T02:00,1,1,0.6367,0.2978,0.9919,0.6525,0.6575,0.4693,7.69,
2026-02-25,2026-02-25T23:59:00+05:00,2026-02-25_a3e0ae71,False,2026-02-26T03:00,1,1,0.7853,0.4286,0.9991,0.8233,0.7401,0.3174,6.69,
2026-02-25,2026-02-25T23:59:00+05:00,2026-02-25_a3e0ae71,False,2026-02-26T04:00,1,1,0.6591,0.3477,0.9718,0.7282,0.7321,0.2016,5.77,
2026-02-25,2026-02-25T23:59:00+05:00,2026-02-25_a3e0ae71,False,2026-02-26T05:00,1,1,0.6728,0.2659,0.994,0.67,0.6711,0.2658,6.31,
2026-02-25,2026-02-25T23:59:00+05:00,2026-02-25_a3e0ae71,False,2026-02-26T06:00,1,1,0.4639,0.225,0.9791,0.4762,0.5657,0.223,5.98,
2026-02-25,2026-02-25T23:59:00+05:00,2026-02-25_a3e0ae71,False,2026-02-26T07:00,1,1,0.4344,0.1933,0.9716,0.471,0.5465,0.1762,5.52,
2026-02-25,2026-02-25T23:59:00+05:00,2026-02-25_a3e0ae71,False,2026-02-26T08:00,1,1,0.2836,0.0272,0.7869,0.3093,0.334,0.1382,5.1,
2026-02-25,2026-02-25T23:59:00+05:00,2026-02-25_a3e0ae71,False,2026-02-26T09:00,1,1,0.0213,0.0089,0.1935,0.0178,0.027,0.0677,3.93,
2026-02-25,2026-02-25T23:59:00+05:00,2026-02-25_a3e0ae71,False,2026-02-26T10:00,1,1,0.2176,0.0061,0.8403,0.2832,0.2486,0.0127,2.2,
2026-02-25,2026-02-25T23:59:00+05:00,2026-02-25_a3e0ae71,False,2026-02-26T11:00,1,1,0.5288,0.2103,0.9601,0.6156,0.5664,0.7332,9.45,
2026-02-25,2026-02-25T23:59:00+05:00,2026-02-25_a3e0ae71,False,2026-02-26T12:00,1,1,0.4952,0.2188,0.9407,0.5619,0.5654,0.4139,7.33,
2026-02-25,2026-02-25T23:59:00+05:00,2026-02-25_a3e0ae71,False,2026-02-26T13:00,1,1,0.2879,0.0807,0.6655,0.3179,0.2966,0.0551,3.65,
2026-02-25,2026-02-25T23:59:00+05:00,2026-02-25_a3e0ae71,False,2026-02-26T14:00,1,1,0.2219,0.0444,0.6048,0.2385,0.209,0.098,4.48,
2026-02-25,2026-02-25T23:59:00+05:00,2026-02-25_a3e0ae71,False,2026-02-26T15:00,1,1,0.3821,0.0658,0.7796,0.436,0.4352,0.1643,5.39,
2026-02-25,2026-02-25T23:59:00+05:00,2026-02-25_a3e0ae71,False,2026-02-26T16:00,1,1,0.6131,0.2617,0.9575,0.6045,0.6079,0.224,5.99,
2026-02-25,2026-02-25T23:59:00+05:00,2026-02-25_a3e0ae71,False,2026-02-26T17:00,1,2,0.5732,0.2049,0.9541,0.5712,0.6106,0.351,6.93,
2026-02-25,2026-02-25T23:59:00+05:00,2026-02-25_a3e0ae71,False,2026-02-26T18:00,1,2,0.7143,0.3086,0.993,0.6551,0.705,0.5271,8.08,
2026-02-25,2026-02-25T23:59:00+05:00,2026-02-25_a3e0ae71,False,2026-02-26T19:00,1,2,0.8422,0.3202,0.9995,0.7526,0.8135,0.5575,8.28,
2026-02-25,2026-02-25T23:59:00+05:00,2026-02-25_a3e0ae71,False,2026-02-26T20:00,1,2,0.9335,0.4934,0.9966,0.9283,0.8873,0.5165,8.01,
2026-02-25,2026-02-25T23:59:00+05:00,2026-02-25_a3e0ae71,False,2026-02-26T21:00,1,2,0.8977,0.464,0.9942,0.8713,0.8494,0.3328,6.8,
2026-02-25,2026-02-25T23:59:00+05:00,2026-02-25_a3e0ae71,False,2026-02-26T22:00,1,2,0.896,0.3751,0.9775,0.911,0.8809,0.5681,8.35,
2026-02-25,2026-02-25T23:59:00+05:00,2026-02-25_a3e0ae71,False,2026-02-26T23:00,1,2,0.8132,0.3834,0.9917,0.8441,0.7939,0.6363,8.81,
2026-02-25,2026-02-25T23:59:00+05:00,2026-02-25_a3e0ae71,False,2026-02-27T00:00,2,2,0.8621,0.4011,0.9965,0.8966,0.8826,0.7148,9.33,
2026-02-25,2026-02-25T23:59:00+05:00,2026-02-25_a3e0ae71,False,2026-02-27T01:00,2,2,0.8942,0.4378,0.985,0.9218,0.8891,0.7194,9.36,
2026-02-25,2026-02-25T23:59:00+05:00,2026-02-25_a3e0ae71,False,2026-02-27T02:00,2,2,0.865,0.4671,0.9939,0.8758,0.8416,0.4796,7.76,
2026-02-25,2026-02-25T23:59:00+05:00,2026-02-25_a3e0ae71,False,2026-02-27T03:00,2,2,0.8183,0.4628,0.989,0.8338,0.8288,0.4059,7.28,
2026-02-25,2026-02-25T23:59:00+05:00,2026-02-25_a3e0ae71,False,2026-02-27T04:00,2,2,0.7672,0.4217,0.974,0.8041,0.8154,0.3689,7.05,
2026-02-25,2026-02-25T23:59:00+05:00,2026-02-25_a3e0ae71,False,2026-02-27T05:00,2,2,0.7701,0.2672,0.9897,0.8405,0.8128,0.4708,7.7,
2026-02-25,2026-02-25T23:59:00+05:00,2026-02-25_a3e0ae71,False,2026-02-27T06:00,2,2,0.6252,0.1936,0.96,0.6532,0.7068,0.3468,6.9,
2026-02-25,2026-02-25T23:59:00+05:00,2026-02-25_a3e0ae71,False,2026-02-27T07:00,2,2,0.5364,0.1546,0.9486,0.5836,0.6355,0.3566,6.97,
2026-02-25,2026-02-25T23:59:00+05:00,2026-02-25_a3e0ae71,False,2026-02-27T08:00,2,2,0.4992,0.0556,0.9435,0.5511,0.5531,0.3146,6.67,
2026-02-25,2026-02-25T23:59:00+05:00,2026-02-25_a3e0ae71,False,2026-02-27T09:00,2,2,0.3682,0.0548,0.8025,0.3977,0.4446,0.1884,5.64,
2026-02-25,2026-02-25T23:59:00+05:00,2026-02-25_a3e0ae71,False,2026-02-27T10:00,2,2,0.1972,0.0134,0.6461,0.217,0.1964,0.1301,5.01,
2026-02-25,2026-02-25T23:59:00+05:00,2026-02-25_a3e0ae71,False,2026-02-27T11:00,2,2,0.2076,0.0066,0.5954,0.2143,0.1953,0.0839,4.23,
2026-02-25,2026-02-25T23:59:00+05:00,2026-02-25_a3e0ae71,False,2026-02-27T12:00,2,2,0.2423,0.0194,0.6151,0.2424,0.2589,0.1517,5.25,
2026-02-25,2026-02-25T23:59:00+05:00,2026-02-25_a3e0ae71,False,2026-02-27T13:00,2,2,0.3048,0.0687,0.761,0.3319,0.3384,0.2037,5.79,
2026-02-25,2026-02-25T23:59:00+05:00,2026-02-25_a3e0ae71,False,2026-02-27T14:00,2,2,0.3941,0.0899,0.9118,0.4395,0.4242,0.2408,6.12,
2026-02-25,2026-02-25T23:59:00+05:00,2026-02-25_a3e0ae71,False,2026-02-27T15:00,2,2,0.5815,0.2396,0.9838,0.5538,0.574,0.3753,7.09,
2026-02-25,2026-02-25T23:59:00+05:00,2026-02-25_a3e0ae71,False,2026-02-27T16:00,2,2,0.742,0.4192,0.9885,0.7427,0.7559,0.518,8.02,
2026-02-25,2026-02-25T23:59:00+05:00,2026-02-25_a3e0ae71,False,2026-02-27T17:00,2,3,0.9272,0.6092,0.9896,0.8984,0.9377,0.4811,7.77,
2026-02-25,2026-02-25T23:59:00+05:00,2026-02-25_a3e0ae71,False,2026-02-27T18:00,2,3,0.941,0.635,0.9907,0.9121,0.9414,0.5017,7.91,
2026-02-25,2026-02-25T23:59:00+05:00,2026-02-25_a3e0ae71,False,2026-02-27T19:00,2,3,0.9318,0.5789,1.0,0.9212,0.9436,0.4708,7.7,
2026-02-25,2026-02-25T23:59:00+05:00,2026-02-25_a3e0ae71,False,2026-02-27T20:00,2,3,0.8637,0.5216,1.0,0.8834,0.89,0.4722,7.71,
2026-02-25,2026-02-25T23:59:00+05:00,2026-02-25_a3e0ae71,False,2026-02-27T21:00,2,3,0.845,0.3667,1.0,0.7775,0.8187,0.3753,7.09,
2026-02-25,2026-02-25T23:59:00+05:00,2026-02-25_a3e0ae71,False,2026-02-27T22:00,2,3,0.7413,0.2855,1.0,0.8025,0.6728,0.2658,6.31,
2026-02-25,2026-02-25T23:59:00+05:00,2026-02-25_a3e0ae71,False,2026-02-27T23:00,2,3,0.4172,0.0635,0.8601,0.3821,0.3373,0.1607,5.35,
2026-02-26,2026-02-26T23:59:00+05:00,2026-02-26_8fe96d98,False,2026-02-27T00:00,1,1,0.8145,0.3694,0.9747,0.8022,0.7962,0.6994,9.23,
2026-02-26,2026-02-26T23:59:00+05:00,2026-02-26_8fe96d98,False,2026-02-27T01:00,1,1,0.7342,0.2729,0.9585,0.7085,0.8029,0.5121,7.98,
2026-02-26,2026-02-26T23:59:00+05:00,2026-02-26_8fe96d98,False,2026-02-27T02:00,1,1,0.7031,0.2135,0.965,0.6912,0.7087,0.5408,8.17,
2026-02-26,2026-02-26T23:59:00+05:00,2026-02-26_8fe96d98,False,2026-02-27T03:00,1,1,0.6347,0.1479,0.947,0.637,0.6654,0.4988,7.89,
2026-02-26,2026-02-26T23:59:00+05:00,2026-02-26_8fe96d98,False,2026-02-27T04:00,1,1,0.5905,0.1195,0.925,0.5808,0.6364,0.3737,7.08,
2026-02-26,2026-02-26T23:59:00+05:00,2026-02-26_8fe96d98,False,2026-02-27T05:00,1,1,0.366,0.058,0.8016,0.356,0.3274,0.1762,5.52,
2026-02-26,2026-02-26T23:59:00+05:00,2026-02-26_8fe96d98,False,2026-02-27T06:00,1,1,0.3368,0.0564,0.7536,0.3092,0.3301,0.1706,5.46,
2026-02-26,2026-02-26T23:59:00+05:00,2026-02-26_8fe96d98,False,2026-02-27T07:00,1,1,0.3493,0.0447,0.7151,0.3283,0.3986,0.1715,5.47,
2026-02-26,2026-02-26T23:59:00+05:00,2026-02-26_8fe96d98,False,2026-02-27T08:00,1,1,0.3316,0.0292,0.7352,0.3474,0.3663,0.1472,5.2,
2026-02-26,2026-02-26T23:59:00+05:00,2026-02-26_8fe96d98,False,2026-02-27T09:00,1,1,0.2802,0.0282,0.7247,0.3525,0.3487,0.1028,4.56,
2026-02-26,2026-02-26T23:59:00+05:00,2026-02-26_8fe96d98,False,2026-02-27T10:00,1,1,0.2686,0.0146,0.617,0.2651,0.2767,0.1058,4.61,
2026-02-26,2026-02-26T23:59:00+05:00,2026-02-26_8fe96d98,False,2026-02-27T11:00,1,1,0.2089,0.0076,0.5474,0.2068,0.2171,0.1112,4.7,
2026-02-26,2026-02-26T23:59:00+05:00,2026-02-26_8fe96d98,False,2026-02-27T12:00,1,1,0.2236,0.0339,0.5848,0.2401,0.2468,0.085,4.25,
2026-02-26,2026-02-26T23:59:00+05:00,2026-02-26_8fe96d98,False,2026-02-27T13:00,1,1,0.3128,0.0626,0.6792,0.3129,0.3197,0.1184,4.82,
2026-02-26,2026-02-26T23:59:00+05:00,2026-02-26_8fe96d98,False,2026-02-27T14:00,1,1,0.3816,0.111,0.778,0.3689,0.3874,0.2179,5.93,
2026-02-26,2026-02-26T23:59:00+05:00,2026-02-26_8fe96d98,False,2026-02-27T15:00,1,1,0.5328,0.1806,0.9354,0.5097,0.5114,0.275,6.38,
2026-02-26,2026-02-26T23:59:00+05:00,2026-02-26_8fe96d98,False,2026-02-27T16:00,1,1,0.6841,0.335,0.9647,0.6617,0.6807,0.3258,6.75,
2026-02-26,2026-02-26T23:59:00+05:00,2026-02-26_8fe96d98,False,2026-02-27T17:00,1,2,0.862,0.4135,0.9723,0.8383,0.877,0.5121,7.98,
2026-02-26,2026-02-26T23:59:00+05:00,2026-02-26_8fe96d98,False,2026-02-27T18:00,1,2,0.8898,0.5036,0.9992,0.8697,0.9311,0.5423,8.18,
2026-02-26,2026-02-26T23:59:00+05:00,2026-02-26_8fe96d98,False,2026-02-27T19:00,1,2,0.7891,0.3667,0.9865,0.7846,0.8296,0.4988,7.89,
2026-02-26,2026-02-26T23:59:00+05:00,2026-02-26_8fe96d98,False,2026-02-27T20:00,1,2,0.7732,0.272,0.9747,0.7768,0.7825,0.3978,7.23,
2026-02-26,2026-02-26T23:59:00+05:00,2026-02-26_8fe96d98,False,2026-02-27T21:00,1,2,0.6554,0.2019,0.9679,0.6134,0.6752,0.3946,7.21,
2026-02-26,2026-02-26T23:59:00+05:00,2026-02-26_8fe96d98,False,2026-02-27T22:00,1,2,0.5353,0.0734,0.9329,0.4934,0.5231,0.3753,7.09,
2026-02-26,2026-02-26T23:59:00+05:00,2026-02-26_8fe96d98,False,2026-02-27T23:00,1,2,0.4474,0.0834,0.9103,0.4192,0.4394,0.2448,6.15,
2026-02-26,2026-02-26T23:59:00+05:00,2026-02-26_8fe96d98,False,2026-02-28T00:00,2,2,0.4799,0.0489,0.8558,0.392,0.349,0.2553,6.23,
2026-02-26,2026-02-26T23:59:00+05:00,2026-02-26_8fe96d98,False,2026-02-28T01:00,2,2,0.4593,0.0553,0.8749,0.4379,0.3981,0.1589,5.33,
2026-02-26,2026-02-26T23:59:00+05:00,2026-02-26_8fe96d98,False,2026-02-28T02:00,2,2,0.5041,0.0823,0.8995,0.45,0.3345,0.2016,5.77,
2026-02-26,2026-02-26T23:59:00+05:00,2026-02-26_8fe96d98,False,2026-02-28T03:00,2,2,0.6088,0.1637,0.9262,0.5327,0.4648,0.2474,6.17,
2026-02-26,2026-02-26T23:59:00+05:00,2026-02-26_8fe96d98,False,2026-02-28T04:00,2,2,0.7861,0.3198,0.9754,0.7177,0.7603,0.3468,6.9,
2026-02-26,2026-02-26T23:59:00+05:00,2026-02-26_8fe96d98,False,2026-02-28T05:00,2,2,0.7801,0.4218,0.9771,0.8852,0.8262,0.3978,7.23,
2026-02-26,2026-02-26T23:59:00+05:00,2026-02-26_8fe96d98,False,2026-02-28T06:00,2,2,0.7876,0.3582,0.9684,0.8449,0.7907,0.3817,7.13,
2026-02-26,2026-02-26T23:59:00+05:00,2026-02-26_8fe96d98,False,2026-02-28T07:00,2,2,0.7228,0.323,0.9597,0.7957,0.7433,0.4252,7.4,
2026-02-26,2026-02-26T23:59:00+05:00,2026-02-26_8fe96d98,False,2026-02-28T08:00,2,2,0.661,0.2718,0.9591,0.776,0.7583,0.3898,7.18,
2026-02-26,2026-02-26T23:59:00+05:00,2026-02-26_8fe96d98,False,2026-02-28T09:00,2,2,0.6824,0.2772,0.9899,0.8097,0.7461,0.3914,7.19,
2026-02-26,2026-02-26T23:59:00+05:00,2026-02-26_8fe96d98,False,2026-02-28T10:00,2,2,0.7141,0.3436,0.9782,0.7519,0.7313,0.3833,7.14,
2026-02-26,2026-02-26T23:59:00+05:00,2026-02-26_8fe96d98,False,2026-02-28T11:00,2,2,0.648,0.2738,0.9788,0.6717,0.711,0.5091,7.96,
2026-02-26,2026-02-26T23:59:00+05:00,2026-02-26_8fe96d98,False,2026-02-28T12:00,2,2,0.6634,0.3229,0.9772,0.6896,0.6854,0.4811,7.77,
2026-02-26,2026-02-26T23:59:00+05:00,2026-02-26_8fe96d98,False,2026-02-28T13:00,2,2,0.7023,0.3385,0.9736,0.7402,0.7047,0.4693,7.69,
2026-02-26,2026-02-26T23:59:00+05:00,2026-02-26_8fe96d98,False,2026-02-28T14:00,2,2,0.7227,0.2997,0.9666,0.7172,0.7334,0.4663,7.67,
2026-02-26,2026-02-26T23:59:00+05:00,2026-02-26_8fe96d98,False,2026-02-28T15:00,2,2,0.6281,0.2275,0.9253,0.5942,0.623,0.4043,7.27,
2026-02-26,2026-02-26T23:59:00+05:00,2026-02-26_8fe96d98,False,2026-02-28T16:00,2,2,0.459,0.1092,0.9352,0.4554,0.4627,0.3737,7.08,
2026-02-26,2026-02-26T23:59:00+05:00,2026-02-26_8fe96d98,False,2026-02-28T17:00,2,3,0.4157,0.0211,0.8694,0.3823,0.3958,0.1634,5.38,
2026-02-26,2026-02-26T23:59:00+05:00,2026-02-26_8fe96d98,False,2026-02-28T18:00,2,3,0.3263,0.0324,0.8207,0.4081,0.2965,0.1373,5.09,
2026-02-26,2026-02-26T23:59:00+05:00,2026-02-26_8fe96d98,False,2026-02-28T19:00,2,3,0.2653,0.0214,0.6669,0.278,0.2055,0.0958,4.44,
2026-02-26,2026-02-26T23:59:00+05:00,2026-02-26_8fe96d98,False,2026-02-28T20:00,2,3,0.1769,0.0206,0.5489,0.1657,0.1702,0.0519,3.58,
2026-02-26,2026-02-26T23:59:00+05:00,2026-02-26_8fe96d98,False,2026-02-28T21:00,2,3,0.1287,0.0,0.4215,0.1202,0.1022,0.0237,2.78,
2026-02-26,2026-02-26T23:59:00+05:00,2026-02-26_8fe96d98,False,2026-02-28T22:00,2,3,0.1027,0.0,0.4251,0.104,0.0805,0.0187,2.58,
2026-02-26,2026-02-26T23:59:00+05:00,2026-02-26_8fe96d98,False,2026-02-28T23:00,2,3,0.1496,0.0112,0.5826,0.162,0.1932,0.0776,4.12,
2026-02-27,2026-02-27T23:59:00+05:00,2026-02-27_ac7aa8eb,False,2026-02-28T00:00,1,1,0.506,0.1215,0.8731,0.4953,0.4761,0.2513,6.2,
2026-02-27,2026-02-27T23:59:00+05:00,2026-02-27_ac7aa8eb,False,2026-02-28T01:00,1,1,0.5968,0.1465,0.933,0.5309,0.6143,0.3118,6.65,
2026-02-27,2026-02-27T23:59:00+05:00,2026-02-27_ac7aa8eb,False,2026-02-28T02:00,1,1,0.5533,0.2265,0.9136,0.5643,0.5532,0.2513,6.2,
2026-02-27,2026-02-27T23:59:00+05:00,2026-02-27_ac7aa8eb,False,2026-02-28T03:00,1,1,0.6656,0.2797,0.9522,0.6283,0.7069,0.3552,6.96,
2026-02-27,2026-02-27T23:59:00+05:00,2026-02-27_ac7aa8eb,False,2026-02-28T04:00,1,1,0.7496,0.2833,0.9547,0.7447,0.7752,0.3705,7.06,
2026-02-27,2026-02-27T23:59:00+05:00,2026-02-27_ac7aa8eb,False,2026-02-28T05:00,1,1,0.771,0.3605,0.9766,0.8403,0.77,0.4364,7.47,
2026-02-27,2026-02-27T23:59:00+05:00,2026-02-27_ac7aa8eb,False,2026-02-28T06:00,1,1,0.8136,0.3573,0.9852,0.869,0.7825,0.4252,7.4,
2026-02-27,2026-02-27T23:59:00+05:00,2026-02-27_ac7aa8eb,False,2026-02-28T07:00,1,1,0.8432,0.3489,0.9815,0.84,0.7896,0.4075,7.29,
2026-02-27,2026-02-27T23:59:00+05:00,2026-02-27_ac7aa8eb,False,2026-02-28T08:00,1,1,0.7581,0.4525,1.0,0.8288,0.7888,0.4075,7.29,
2026-02-27,2026-02-27T23:59:00+05:00,2026-02-27_ac7aa8eb,False,2026-02-28T09:00,1,1,0.7695,0.466,1.0,0.8152,0.83,0.484,7.79,
2026-02-27,2026-02-27T23:59:00+05:00,2026-02-27_ac7aa8eb,False,2026-02-28T10:00,1,1,0.7929,0.5309,1.0,0.8383,0.8096,0.4619,7.64,
2026-02-27,2026-02-27T23:59:00+05:00,2026-02-27_ac7aa8eb,False,2026-02-28T11:00,1,1,0.7625,0.4723,0.9787,0.8359,0.7649,0.4059,7.28,
2026-02-27,2026-02-27T23:59:00+05:00,2026-02-27_ac7aa8eb,False,2026-02-28T12:00,1,1,0.7411,0.5102,0.9784,0.7659,0.7767,0.4796,7.76,
2026-02-27,2026-02-27T23:59:00+05:00,2026-02-27_ac7aa8eb,False,2026-02-28T13:00,1,1,0.7456,0.474,0.9787,0.7435,0.7631,0.4899,7.83,
2026-02-27,2026-02-27T23:59:00+05:00,2026-02-27_ac7aa8eb,False,2026-02-28T14:00,1,1,0.7232,0.3938,0.9752,0.7264,0.7343,0.4332,7.45,
2026-02-27,2026-02-27T23:59:00+05:00,2026-02-27_ac7aa8eb,False,2026-02-28T15:00,1,1,0.65,0.2779,0.9577,0.6365,0.6322,0.4043,7.27,
2026-02-27,2026-02-27T23:59:00+05:00,2026-02-27_ac7aa8eb,False,2026-02-28T16:00,1,1,0.6417,0.2575,0.9859,0.5994,0.6441,0.3482,6.91,
2026-02-27,2026-02-27T23:59:00+05:00,2026-02-27_ac7aa8eb,False,2026-02-28T17:00,1,2,0.4886,0.0807,0.923,0.4605,0.4059,0.2527,6.21,
2026-02-27,2026-02-27T23:59:00+05:00,2026-02-27_ac7aa8eb,False,2026-02-28T18:00,1,2,0.4557,0.0666,0.849,0.446,0.3784,0.2189,5.94,
2026-02-27,2026-02-27T23:59:00+05:00,2026-02-27_ac7aa8eb,False,2026-02-28T19:00,1,2,0.3754,0.052,0.8627,0.4059,0.4015,0.1874,5.63,
2026-02-27,2026-02-27T23:59:00+05:00,2026-02-27_ac7aa8eb,False,2026-02-28T20:00,1,2,0.3401,0.0347,0.6134,0.3334,0.2681,0.1058,4.61,
2026-02-27,2026-02-27T23:59:00+05:00,2026-02-27_ac7aa8eb,False,2026-02-28T21:00,1,2,0.2194,0.0181,0.5276,0.2187,0.1967,0.089,4.32,
2026-02-27,2026-02-27T23:59:00+05:00,2026-02-27_ac7aa8eb,False,2026-02-28T22:00,1,2,0.1836,0.0139,0.5292,0.1407,0.1688,0.0677,3.93,
2026-02-27,2026-02-27T23:59:00+05:00,2026-02-27_ac7aa8eb,False,2026-02-28T23:00,1,2,0.1165,0.0115,0.3627,0.1002,0.0981,0.0641,3.85,
2026-02-27,2026-02-27T23:59:00+05:00,2026-02-27_ac7aa8eb,True,2026-03-01T00:00,2,2,0.0873,0.0097,0.2486,0.0755,0.0646,0.0542,3.63,
2026-02-27,2026-02-27T23:59:00+05:00,2026-02-27_ac7aa8eb,True,2026-03-01T01:00,2,2,0.0459,0.017,0.2111,0.0367,0.0483,0.0411,3.31,
2026-02-27,2026-02-27T23:59:00+05:00,2026-02-27_ac7aa8eb,True,2026-03-01T02:00,2,2,0.0306,0.0145,0.1713,0.0383,0.0364,0.0155,2.41,
2026-02-27,2026-02-27T23:59:00+05:00,2026-02-27_ac7aa8eb,True,2026-03-01T03:00,2,2,0.0298,0.0177,0.1874,0.0651,0.0402,0.0163,2.47,
2026-02-27,2026-02-27T23:59:00+05:00,2026-02-27_ac7aa8eb,True,2026-03-01T04:00,2,2,0.0326,0.0173,0.2302,0.0586,0.0491,0.0135,2.26,
2026-02-27,2026-02-27T23:59:00+05:00,2026-02-27_ac7aa8eb,True,2026-03-01T05:00,2,2,0.0331,0.0109,0.1642,0.0649,0.047,0.0148,2.36,
2026-02-27,2026-02-27T23:59:00+05:00,2026-02-27_ac7aa8eb,True,2026-03-01T06:00,2,2,0.019,0.0112,0.1461,0.0655,0.034,0.0177,2.54,
2026-02-27,2026-02-27T23:59:00+05:00,2026-02-27_ac7aa8eb,True,2026-03-01T07:00,2,2,0.0133,0.0114,0.1616,0.0322,0.0204,0.0192,2.6,
2026-02-27,2026-02-27T23:59:00+05:00,2026-02-27_ac7aa8eb,True,2026-03-01T08:00,2,2,0.0104,0.0079,0.1094,0.0341,0.0124,0.0155,2.41,
2026-02-27,2026-02-27T23:59:00+05:00,2026-02-27_ac7aa8eb,True,2026-03-01T09:00,2,2,0.0088,0.0073,0.1216,0.009,0.0111,0.0151,2.38,
2026-02-27,2026-02-27T23:59:00+05:00,2026-02-27_ac7aa8eb,True,2026-03-01T10:00,2,2,0.0146,0.0078,0.0765,0.0065,0.0033,0.0209,2.67,
2026-02-27,2026-02-27T23:59:00+05:00,2026-02-27_ac7aa8eb,True,2026-03-01T11:00,2,2,0.019,0.0079,0.091,0.002,0.0114,0.0105,2.04,
2026-02-27,2026-02-27T23:59:00+05:00,2026-02-27_ac7aa8eb,True,2026-03-01T12:00,2,2,0.0224,0.0078,0.1273,0.0056,0.0116,0.0131,2.23,
2026-02-27,2026-02-27T23:59:00+05:00,2026-02-27_ac7aa8eb,True,2026-03-01T13:00,2,2,0.0126,0.0085,0.1303,0.0207,0.0223,0.0129,2.22,
2026-02-27,2026-02-27T23:59:00+05:00,2026-02-27_ac7aa8eb,True,2026-03-01T14:00,2,2,0.0245,0.0086,0.1445,0.0287,0.0311,0.0113,2.1,
2026-02-27,2026-02-27T23:59:00+05:00,2026-02-27_ac7aa8eb,True,2026-03-01T15:00,2,2,0.0317,0.0078,0.1136,0.0179,0.017,0.0129,2.22,
2026-02-27,2026-02-27T23:59:00+05:00,2026-02-27_ac7aa8eb,True,2026-03-01T16:00,2,2,0.0406,0.0092,0.1367,0.0279,0.0138,0.0204,2.65,
2026-02-27,2026-02-27T23:59:00+05:00,2026-02-27_ac7aa8eb,True,2026-03-01T17:00,2,3,0.0505,0.0,0.2305,0.0463,0.0361,0.0153,2.4,
2026-02-27,2026-02-27T23:59:00+05:00,2026-02-27_ac7aa8eb,True,2026-03-01T18:00,2,3,0.0333,0.008,0.1662,0.0358,0.0028,0.01,1.55,
2026-02-27,2026-02-27T23:59:00+05:00,2026-02-27_ac7aa8eb,True,2026-03-01T19:00,2,3,0.0203,0.0089,0.2258,0.0404,0.0099,0.0259,2.87,
2026-02-27,2026-02-27T23:59:00+05:00,2026-02-27_ac7aa8eb,True,2026-03-01T20:00,2,3,0.04,0.0113,0.3004,0.034,0.0177,0.1244,4.92,
2026-02-27,2026-02-27T23:59:00+05:00,2026-02-27_ac7aa8eb,True,2026-03-01T21:00,2,3,0.1167,0.0038,0.4438,0.1061,0.1169,0.4472,7.54,
2026-02-27,2026-02-27T23:59:00+05:00,2026-02-27_ac7aa8eb,True,2026-03-01T22:00,2,3,0.2368,0.0226,0.6039,0.2407,0.1883,0.6612,8.98,
2026-02-27,2026-02-27T23:59:00+05:00,2026-02-27_ac7aa8eb,True,2026-03-01T23:00,2,3,0.2451,0.0432,0.7778,0.283,0.2376,0.358,6.98,
